,dot_product,n_defects_LB,n_defects_ML,lc_LB,lc_ML,tcT_LB,tcT_ML,t,z
0,0.9992592,53,53,10,10,40,24,0,0.01
1,0.9983268,53,51,10,10,40,24,10,0.01
2,0.99705255,51,50,10,10,40,24,20,0.01
3,0.9951189,52,48,11,10,40,24,30,0.01
4,0.9924166,52,49,11,10,40,24,40,0.01
5,0.9890513,52,49,11,10,40,24,50,0.01
6,0.98508006,52,49,11,10,40,24,60,0.01
7,0.9804551,52,49,11,10,40,24,70,0.01
8,0.9750418,51,49,11,10,40,24,80,0.01
9,0.9687078,50,47,11,10,40,24,90,0.01
10,0.9613163,48,47,11,10,40,24,100,0.01
11,0.9532045,48,47,11,9,40,24,110,0.01
12,0.9443115,48,47,11,9,40,24,120,0.01
13,0.9345659,48,47,11,9,40,24,130,0.01
14,0.92420447,48,47,11,9,40,24,140,0.01
15,0.91331095,48,47,10,9,40,24,150,0.01
16,0.90201044,48,47,10,9,40,24,160,0.01
17,0.89032155,46,47,10,9,40,24,170,0.01
18,0.8786414,48,47,10,9,40,24,180,0.01
19,0.86659735,47,45,10,9,40,24,190,0.01
20,0.8544951,49,43,10,9,40,24,200,0.01
21,0.84205383,49,43,10,8,40,24,210,0.01
22,0.82916594,49,43,10,8,40,24,220,0.01
23,0.81638694,49,43,10,8,40,24,230,0.01
24,0.8037559,49,43,10,8,40,24,240,0.01
25,0.7916252,49,44,10,8,40,24,250,0.01
26,0.7803147,48,45,10,8,40,24,260,0.01
27,0.7700093,49,45,10,8,40,24,270,0.01
28,0.76055354,49,45,10,8,40,24,280,0.01
29,0.7517179,49,45,10,8,40,24,290,0.01
30,0.74346876,47,45,10,8,40,24,300,0.01
31,0.736205,47,45,10,8,40,24,310,0.01
32,0.7297527,47,45,10,8,40,24,320,0.01
33,0.72435397,47,45,10,7,40,24,330,0.01
34,0.7196486,47,45,10,7,40,24,340,0.01
35,0.71538144,46,46,10,7,40,24,350,0.01
36,0.7115958,46,46,10,7,40,24,360,0.01
37,0.7080647,46,45,10,7,40,24,370,0.01
38,0.7045286,45,45,10,7,40,24,380,0.01
39,0.7012953,45,46,10,7,40,24,390,0.01
40,0.69827086,45,45,10,7,40,24,400,0.01
41,0.6952749,45,46,10,7,40,24,410,0.01
42,0.6922938,46,46,10,7,40,24,420,0.01
43,0.6893173,46,46,10,7,40,24,430,0.01
44,0.68611974,48,46,10,7,40,24,440,0.01
45,0.6827994,48,48,10,7,40,24,450,0.01
46,0.6795888,48,48,10,7,40,24,460,0.01
47,0.67645156,48,47,10,7,40,24,470,0.01
48,0.67366487,47,46,10,7,40,24,480,0.01
49,0.6713769,46,46,10,7,40,24,490,0.01
50,0.9994176,48,46,10,10,44,33,0,0.01
51,0.99846876,48,46,10,10,44,33,10,0.01
52,0.9970726,50,46,10,10,44,33,20,0.01
53,0.99507654,52,46,10,10,44,33,30,0.01
54,0.99254054,52,44,10,10,44,33,40,0.01
55,0.9894949,51,44,10,10,44,33,50,0.01
56,0.9859128,53,44,10,10,44,33,60,0.01
57,0.98163575,50,44,10,10,44,33,70,0.01
58,0.97699314,52,44,10,10,44,33,80,0.01
59,0.9718068,52,44,10,10,44,33,90,0.01
60,0.96607393,52,43,10,10,44,33,100,0.01
61,0.95981365,53,43,10,10,44,33,110,0.01
62,0.9532221,52,43,10,10,44,33,120,0.01
63,0.9460744,52,42,10,10,44,33,130,0.01
64,0.9387827,52,41,10,10,44,33,140,0.01
65,0.93118936,50,42,10,10,44,33,150,0.01
66,0.9233665,50,39,11,9,44,33,160,0.01
67,0.91536546,50,38,11,9,44,33,170,0.01
68,0.9072753,50,38,11,9,44,33,180,0.01
69,0.89919376,50,33,11,9,44,33,190,0.01
70,0.8909627,50,33,11,9,44,33,200,0.01
71,0.8824383,50,33,11,9,44,33,210,0.01
72,0.87383866,49,30,11,9,44,33,220,0.01
73,0.8651533,51,29,11,9,44,33,230,0.01
74,0.85617286,51,29,11,9,44,33,240,0.01
75,0.84722537,50,29,11,9,44,33,250,0.01
76,0.8383417,50,29,11,9,44,33,260,0.01
77,0.829698,49,29,11,9,44,33,270,0.01
78,0.8216212,50,29,11,9,44,33,280,0.01
79,0.81401795,50,29,11,9,44,33,290,0.01
80,0.8071531,51,29,11,9,44,33,300,0.01
81,0.8007534,51,29,11,9,44,33,310,0.01
82,0.7948395,51,29,11,9,44,33,320,0.01
83,0.78917086,49,29,11,9,44,33,330,0.01
84,0.78364104,49,29,11,9,44,33,340,0.01
85,0.7782063,47,29,11,9,44,33,350,0.01
86,0.7728193,45,29,11,9,44,33,360,0.01
87,0.7672748,45,29,11,9,44,33,370,0.01
88,0.76173514,45,29,11,9,44,33,380,0.01
89,0.75590837,45,29,12,9,44,33,390,0.01
90,0.75014627,45,29,12,9,44,33,400,0.01
91,0.7443389,45,29,12,9,44,33,410,0.01
92,0.7388842,43,29,12,9,44,33,420,0.01
93,0.7337764,42,29,12,9,44,33,430,0.01
94,0.7290782,44,29,12,9,44,33,440,0.01
95,0.7248701,45,29,12,9,44,33,450,0.01
96,0.7211786,44,29,12,9,44,33,460,0.01
97,0.71767795,44,29,12,9,44,33,470,0.01
98,0.71453077,44,29,12,9,44,33,480,0.01
99,0.7118066,44,29,12,9,44,33,490,0.01
100,0.99925184,51,51,10,10,38,31,0,0.01
101,0.998483,50,51,10,10,38,31,10,0.01
102,0.9971867,50,49,10,10,38,31,20,0.01
103,0.9956281,50,49,10,10,38,31,30,0.01
104,0.9936052,49,48,10,10,38,31,40,0.01
105,0.9908203,47,46,10,10,38,31,50,0.01
106,0.9875176,47,48,10,10,38,31,60,0.01
107,0.9835374,47,46,10,10,38,31,70,0.01
108,0.9794556,47,46,10,10,38,31,80,0.01
109,0.9748728,48,46,10,10,38,31,90,0.01
110,0.96973896,48,44,10,10,38,31,100,0.01
111,0.9640712,48,44,10,10,38,31,110,0.01
112,0.9580591,48,44,10,10,38,31,120,0.01
113,0.95165694,48,44,10,10,38,31,130,0.01
114,0.94478303,48,44,10,10,38,31,140,0.01
115,0.937724,48,44,10,10,38,31,150,0.01
116,0.930329,49,44,10,9,38,31,160,0.01
117,0.92262334,48,44,10,9,38,31,170,0.01
118,0.91461575,49,44,10,9,38,31,180,0.01
119,0.9063712,48,44,10,9,38,31,190,0.01
120,0.89781797,48,44,10,9,38,31,200,0.01
121,0.88876903,49,44,10,9,38,31,210,0.01
122,0.8796297,49,44,10,9,38,31,220,0.01
123,0.8705123,49,44,10,9,38,31,230,0.01
124,0.8614115,49,44,10,9,38,31,240,0.01
125,0.8523107,49,44,10,9,38,31,250,0.01
126,0.8431947,49,44,10,9,38,31,260,0.01
127,0.8340217,50,44,10,9,38,31,270,0.01
128,0.8251373,50,42,10,9,38,31,280,0.01
129,0.81636006,52,42,10,8,38,31,290,0.01
130,0.8079006,52,42,10,8,38,31,300,0.01
131,0.7999127,51,42,10,8,38,31,310,0.01
132,0.7923885,52,41,10,8,38,31,320,0.01
133,0.78532773,52,40,10,8,38,31,330,0.01
134,0.77878064,52,42,10,8,38,31,340,0.01
135,0.7727774,52,42,10,8,38,31,350,0.01
136,0.7670244,51,42,10,8,38,31,360,0.01
137,0.76164275,51,43,10,8,38,31,370,0.01
138,0.7564551,51,43,10,8,38,31,380,0.01
139,0.75139236,51,44,10,8,38,31,390,0.01
140,0.7462003,51,44,10,8,38,31,400,0.01
141,0.74138105,51,43,10,8,38,31,410,0.01
142,0.7364832,51,45,10,8,38,31,420,0.01
143,0.7319126,50,43,10,8,38,31,430,0.01
144,0.7275505,50,42,10,8,38,31,440,0.01
145,0.72321385,49,43,10,8,38,31,450,0.01
146,0.7189013,49,44,10,8,38,31,460,0.01
147,0.7146124,47,43,10,8,38,31,470,0.01
148,0.71034825,47,43,10,8,38,31,480,0.01
149,0.70616376,46,42,10,8,38,31,490,0.01
150,0.9994071,50,48,10,10,42,27,0,0.01
151,0.99855137,49,48,10,10,42,27,10,0.01
152,0.9972788,49,48,10,10,42,27,20,0.01
153,0.9954176,51,47,10,10,42,27,30,0.01
154,0.9928872,51,47,10,10,42,27,40,0.01
155,0.9897124,50,47,10,10,42,27,50,0.01
156,0.9855896,50,45,10,10,42,27,60,0.01
157,0.9806847,50,46,10,10,42,27,70,0.01
158,0.97509044,50,46,10,10,42,27,80,0.01
159,0.9686703,49,44,10,10,42,27,90,0.01
160,0.9614252,49,42,10,10,42,27,100,0.01
161,0.95367825,49,42,10,10,42,27,110,0.01
162,0.9453526,51,42,10,9,42,27,120,0.01
163,0.9363758,50,42,10,9,42,27,130,0.01
164,0.927095,50,42,10,9,42,27,140,0.01
165,0.91727704,51,42,10,9,42,27,150,0.01
166,0.9070711,52,42,10,9,42,27,160,0.01
167,0.8966031,53,42,10,9,42,27,170,0.01
168,0.8859208,53,42,10,9,42,27,180,0.01
169,0.8750947,53,42,10,9,42,27,190,0.01
170,0.8640492,51,42,10,9,42,27,200,0.01
171,0.8530419,52,42,11,9,42,27,210,0.01
172,0.8417539,52,40,11,9,42,27,220,0.01
173,0.8308782,52,40,11,9,42,27,230,0.01
174,0.820192,52,40,11,9,42,27,240,0.01
175,0.8097338,52,40,11,9,42,27,250,0.01
176,0.79935735,51,41,11,8,42,27,260,0.01
177,0.7893499,50,41,11,8,42,27,270,0.01
178,0.779836,48,40,11,8,42,27,280,0.01
179,0.7707544,48,40,11,8,42,27,290,0.01
180,0.76214385,48,40,11,8,42,27,300,0.01
181,0.753945,48,39,11,8,42,27,310,0.01
182,0.7458792,48,42,11,8,42,27,320,0.01
183,0.738387,48,42,10,8,42,27,330,0.01
184,0.73107505,48,43,10,8,42,27,340,0.01
185,0.7241092,46,43,10,8,42,27,350,0.01
186,0.7174663,48,42,10,8,42,27,360,0.01
187,0.7109379,47,41,10,8,42,27,370,0.01
188,0.7049689,49,38,10,8,42,27,380,0.01
189,0.69928044,49,37,10,8,42,27,390,0.01
190,0.6940424,49,36,10,8,42,27,400,0.01
191,0.689322,49,36,10,8,42,27,410,0.01
192,0.6849547,49,35,10,8,42,27,420,0.01
193,0.6810655,49,38,10,8,42,27,430,0.01
194,0.6774571,48,37,10,8,42,27,440,0.01
195,0.67422616,49,37,10,8,42,27,450,0.01
196,0.67117214,49,38,10,8,42,27,460,0.01
197,0.6682436,49,37,10,8,42,27,470,0.01
198,0.6653912,47,36,10,8,42,27,480,0.01
199,0.6624051,47,36,10,8,42,27,490,0.01
200,0.9993335,51,51,10,10,38,30,0,0.01
201,0.99848616,51,51,10,10,38,30,10,0.01
202,0.9972282,50,50,10,10,38,30,20,0.01
203,0.99553907,50,48,10,10,38,30,30,0.01
204,0.99350977,50,48,10,10,38,30,40,0.01
205,0.9909486,49,46,10,10,38,30,50,0.01
206,0.98768526,47,48,10,10,38,30,60,0.01
207,0.9838809,47,46,10,10,38,30,70,0.01
208,0.97977316,47,46,10,10,38,30,80,0.01
209,0.97525334,47,46,10,10,38,30,90,0.01
210,0.9702535,48,46,10,10,38,30,100,0.01
211,0.96464026,48,46,10,10,38,30,110,0.01
212,0.95844746,48,44,10,10,38,30,120,0.01
213,0.9520065,48,44,10,10,38,30,130,0.01
214,0.9452121,48,44,10,10,38,30,140,0.01
215,0.93785644,48,44,10,10,38,30,150,0.01
216,0.93039024,48,44,10,9,38,30,160,0.01
217,0.92240244,49,44,10,9,38,30,170,0.01
218,0.9143865,48,44,10,9,38,30,180,0.01
219,0.9060037,49,44,10,9,38,30,190,0.01
220,0.8973953,48,44,10,9,38,30,200,0.01
221,0.8884975,48,44,10,9,38,30,210,0.01
222,0.87923855,49,44,10,9,38,30,220,0.01
223,0.8700089,49,44,10,9,38,30,230,0.01
224,0.86098367,49,44,10,9,38,30,240,0.01
225,0.85212576,49,42,10,9,38,30,250,0.01
226,0.8431187,49,42,10,9,38,30,260,0.01
227,0.83416486,49,42,10,9,38,30,270,0.01
228,0.8252016,50,42,10,9,38,30,280,0.01
229,0.81665975,50,42,10,9,38,30,290,0.01
230,0.8086463,52,42,10,8,38,30,300,0.01
231,0.8008276,52,42,10,8,38,30,310,0.01
232,0.79324424,51,42,10,8,38,30,320,0.01
233,0.786194,52,42,10,8,38,30,330,0.01
234,0.7793825,52,42,10,8,38,30,340,0.01
235,0.77286446,52,42,10,8,38,30,350,0.01
236,0.76670974,52,43,10,8,38,30,360,0.01
237,0.76083887,51,43,10,8,38,30,370,0.01
238,0.75522685,51,43,10,8,38,30,380,0.01
239,0.75001574,51,43,10,8,38,30,390,0.01
240,0.74512833,51,43,10,8,38,30,400,0.01
241,0.74027205,51,45,10,8,38,30,410,0.01
242,0.7357878,51,45,10,8,38,30,420,0.01
243,0.7315699,51,45,10,8,38,30,430,0.01
244,0.72774935,50,45,10,8,38,30,440,0.01
245,0.72431487,50,43,10,8,38,30,450,0.01
246,0.7210846,49,43,10,8,38,30,460,0.01
247,0.71798116,49,44,10,8,38,30,470,0.01
248,0.715049,47,44,10,8,38,30,480,0.01
249,0.7121343,47,42,10,8,38,30,490,0.01
250,0.9988094,66,66,9,9,22,35,0,0.015
251,0.9973788,66,66,9,9,22,35,10,0.015
252,0.99502695,69,66,9,9,22,35,20,0.015
253,0.991685,69,64,9,9,22,35,30,0.015
254,0.9877458,74,62,9,9,22,35,40,0.015
255,0.98250127,72,61,9,9,22,35,50,0.015
256,0.9763883,76,61,9,9,22,35,60,0.015
257,0.96953535,75,60,9,9,22,35,70,0.015
258,0.9617499,71,58,9,9,22,35,80,0.015
259,0.95339113,69,58,9,9,22,35,90,0.015
260,0.94412714,67,58,9,9,22,35,100,0.015
261,0.93422765,64,58,9,9,22,35,110,0.015
262,0.9238627,64,56,9,9,22,35,120,0.015
263,0.9127318,64,56,9,9,22,35,130,0.015
264,0.90116286,58,55,9,9,22,35,140,0.015
265,0.88916326,57,55,9,9,22,35,150,0.015
266,0.8771116,59,54,9,9,22,35,160,0.015
267,0.8647338,62,51,9,9,22,35,170,0.015
268,0.8523642,62,53,9,9,22,35,180,0.015
269,0.8400701,62,54,9,9,22,35,190,0.015
270,0.8279828,62,51,9,9,22,35,200,0.015
271,0.8158927,64,50,9,9,22,35,210,0.015
272,0.8042409,68,50,9,9,22,35,220,0.015
273,0.79286814,68,50,9,9,22,35,230,0.015
274,0.78172314,68,50,9,9,22,35,240,0.015
275,0.7711936,68,48,9,9,22,35,250,0.015
276,0.7612742,68,47,9,9,22,35,260,0.015
277,0.7517825,70,48,9,9,22,35,270,0.015
278,0.7427105,69,49,9,9,22,35,280,0.015
279,0.73433644,69,47,9,9,22,35,290,0.015
280,0.7266396,71,45,9,9,22,35,300,0.015
281,0.71940136,73,45,9,9,22,35,310,0.015
282,0.7126697,73,45,9,9,22,35,320,0.015
283,0.70652455,70,45,9,9,22,35,330,0.015
284,0.7008315,69,45,9,9,22,35,340,0.015
285,0.695478,69,43,9,9,22,35,350,0.015
286,0.6907234,68,43,9,9,22,35,360,0.015
287,0.6864275,67,43,9,9,22,35,370,0.015
288,0.6825589,67,43,9,9,22,35,380,0.015
289,0.6792578,72,43,9,9,22,35,390,0.015
290,0.6765877,72,41,9,9,22,35,400,0.015
291,0.67452437,72,41,9,9,22,35,410,0.015
292,0.6727238,74,41,9,9,22,35,420,0.015
293,0.67097455,76,41,8,9,22,35,430,0.015
294,0.66932964,75,41,8,9,22,35,440,0.015
295,0.6679701,73,41,8,9,22,35,450,0.015
296,0.6664829,74,39,8,9,22,35,460,0.015
297,0.6653747,75,39,8,9,22,35,470,0.015
298,0.6646793,71,39,8,9,22,35,480,0.015
299,0.663994,70,37,8,9,22,35,490,0.015
300,0.99893546,76,77,9,9,20,27,0,0.015
301,0.99744004,75,74,9,9,20,27,10,0.015
302,0.9953004,79,72,9,9,20,27,20,0.015
303,0.9920374,78,71,9,9,20,27,30,0.015
304,0.9879224,77,69,9,9,20,27,40,0.015
305,0.9827956,77,70,9,9,20,27,50,0.015
306,0.97670734,76,70,9,9,20,27,60,0.015
307,0.9694174,76,70,9,9,20,27,70,0.015
308,0.9610966,77,70,9,9,20,27,80,0.015
309,0.9516684,74,68,9,9,20,27,90,0.015
310,0.9412378,76,68,9,9,20,27,100,0.015
311,0.9296711,79,66,9,9,20,27,110,0.015
312,0.91727674,79,62,9,9,20,27,120,0.015
313,0.9044003,78,63,9,8,20,27,130,0.015
314,0.8912803,75,63,9,8,20,27,140,0.015
315,0.87802744,75,60,9,8,20,27,150,0.015
316,0.8644073,73,58,9,8,20,27,160,0.015
317,0.850689,77,58,9,8,20,27,170,0.015
318,0.83680606,75,59,9,8,20,27,180,0.015
319,0.82300353,75,57,9,8,20,27,190,0.015
320,0.8092647,74,57,9,8,20,27,200,0.015
321,0.7955336,75,57,9,8,20,27,210,0.015
322,0.7817799,76,58,9,8,20,27,220,0.015
323,0.7684695,77,58,9,8,20,27,230,0.015
324,0.75588775,77,58,9,8,20,27,240,0.015
325,0.744201,76,58,9,8,20,27,250,0.015
326,0.7342757,78,59,9,8,20,27,260,0.015
327,0.7263825,82,59,9,8,20,27,270,0.015
328,0.7199065,83,59,9,8,20,27,280,0.015
329,0.7144877,84,58,9,8,20,27,290,0.015
330,0.7097752,82,59,9,8,20,27,300,0.015
331,0.7060151,80,57,9,8,20,27,310,0.015
332,0.70302033,81,57,9,8,20,27,320,0.015
333,0.7003667,78,57,9,8,20,27,330,0.015
334,0.6978358,82,57,9,8,20,27,340,0.015
335,0.69525254,82,57,9,8,20,27,350,0.015
336,0.6924224,77,53,9,8,20,27,360,0.015
337,0.6892188,75,52,9,8,20,27,370,0.015
338,0.686018,74,53,9,7,20,27,380,0.015
339,0.68269026,74,52,9,7,20,27,390,0.015
340,0.67936665,75,51,9,7,20,27,400,0.015
341,0.6764434,74,51,9,7,20,27,410,0.015
342,0.6734209,73,50,9,7,20,27,420,0.015
343,0.67052567,73,50,9,7,20,27,430,0.015
344,0.6676696,71,50,9,7,20,27,440,0.015
345,0.6651111,70,50,9,7,20,27,450,0.015
346,0.6621415,70,51,9,7,20,27,460,0.015
347,0.6591385,68,53,9,7,20,27,470,0.015
348,0.6560611,70,53,9,7,20,27,480,0.015
349,0.6529793,70,54,9,7,20,27,490,0.015
350,0.9984908,84,82,9,9,20,28,0,0.015
351,0.9970039,82,81,9,9,20,28,10,0.015
352,0.9948094,80,81,9,9,20,28,20,0.015
353,0.9914303,81,79,9,9,20,28,30,0.015
354,0.9866283,78,80,9,9,20,28,40,0.015
355,0.9805836,82,80,9,9,20,28,50,0.015
356,0.9733172,82,77,9,9,20,28,60,0.015
357,0.96478516,77,78,9,9,20,28,70,0.015
358,0.9554001,75,74,9,9,20,28,80,0.015
359,0.94542474,74,72,9,9,20,28,90,0.015
360,0.93509084,74,70,9,9,20,28,100,0.015
361,0.9241489,75,68,9,9,20,28,110,0.015
362,0.9128349,74,64,9,9,20,28,120,0.015
363,0.9009965,73,64,9,9,20,28,130,0.015
364,0.88869417,73,64,9,9,20,28,140,0.015
365,0.87623465,71,64,9,9,20,28,150,0.015
366,0.863074,70,63,9,9,20,28,160,0.015
367,0.84957784,70,62,9,9,20,28,170,0.015
368,0.83601135,68,60,9,8,20,28,180,0.015
369,0.8223837,70,60,9,8,20,28,190,0.015
370,0.8088194,70,59,9,8,20,28,200,0.015
371,0.79544795,74,58,9,8,20,28,210,0.015
372,0.78234076,72,58,9,8,20,28,220,0.015
373,0.7701557,70,60,9,8,20,28,230,0.015
374,0.7590879,68,57,9,8,20,28,240,0.015
375,0.74818635,69,56,9,8,20,28,250,0.015
376,0.73784065,69,56,9,8,20,28,260,0.015
377,0.72780806,69,54,9,8,20,28,270,0.015
378,0.71803933,69,54,9,8,20,28,280,0.015
379,0.7089202,67,53,9,8,20,28,290,0.015
380,0.7000942,67,54,9,8,20,28,300,0.015
381,0.6917786,69,53,9,8,20,28,310,0.015
382,0.6838275,69,51,9,8,20,28,320,0.015
383,0.676547,72,52,8,8,20,28,330,0.015
384,0.669158,73,52,8,8,20,28,340,0.015
385,0.6622333,73,52,8,8,20,28,350,0.015
386,0.6555455,71,53,8,8,20,28,360,0.015
387,0.6490586,72,51,8,8,20,28,370,0.015
388,0.6431954,72,51,8,8,20,28,380,0.015
389,0.63774514,73,51,8,8,20,28,390,0.015
390,0.63298357,74,51,8,8,20,28,400,0.015
391,0.6285401,76,50,8,8,20,28,410,0.015
392,0.62488455,76,51,8,8,20,28,420,0.015
393,0.6218576,78,51,8,8,20,28,430,0.015
394,0.6196783,77,51,8,8,20,28,440,0.015
395,0.61806244,76,49,8,8,20,28,450,0.015
396,0.6166275,75,48,8,8,20,28,460,0.015
397,0.6155712,77,46,8,8,20,28,470,0.015
398,0.61470616,77,46,8,8,20,28,480,0.015
399,0.6141302,74,46,8,8,20,28,490,0.015
400,0.99904853,69,68,9,9,21,30,0,0.015
401,0.99773574,69,68,9,9,21,30,10,0.015
402,0.99563974,69,68,9,9,21,30,20,0.015
403,0.9924249,68,65,9,9,21,30,30,0.015
404,0.98811525,68,66,9,9,21,30,40,0.015
405,0.9827084,68,65,9,9,21,30,50,0.015
406,0.97594696,70,62,9,9,21,30,60,0.015
407,0.9682027,67,62,9,9,21,30,70,0.015
408,0.9594947,69,62,9,9,21,30,80,0.015
409,0.950029,72,59,9,9,21,30,90,0.015
410,0.93999326,72,60,9,9,21,30,100,0.015
411,0.9294418,73,58,9,8,21,30,110,0.015
412,0.9184253,73,58,9,8,21,30,120,0.015
413,0.90689504,76,58,9,8,21,30,130,0.015
414,0.8949273,72,58,9,8,21,30,140,0.015
415,0.88272107,73,56,9,8,21,30,150,0.015
416,0.8705799,73,56,9,8,21,30,160,0.015
417,0.85880286,75,56,9,8,21,30,170,0.015
418,0.8476749,74,54,9,8,21,30,180,0.015
419,0.8370136,72,55,9,8,21,30,190,0.015
420,0.8270748,73,55,9,8,21,30,200,0.015
421,0.8172968,76,55,9,8,21,30,210,0.015
422,0.80789787,76,55,9,8,21,30,220,0.015
423,0.7985492,76,55,9,8,21,30,230,0.015
424,0.78956366,77,53,9,8,21,30,240,0.015
425,0.78078204,77,51,9,8,21,30,250,0.015
426,0.7724076,77,51,9,8,21,30,260,0.015
427,0.7641658,77,51,9,8,21,30,270,0.015
428,0.75634724,77,51,9,8,21,30,280,0.015
429,0.74904406,76,51,9,8,21,30,290,0.015
430,0.7421416,75,51,9,8,21,30,300,0.015
431,0.73554724,77,51,9,8,21,30,310,0.015
432,0.7297747,76,51,9,8,21,30,320,0.015
433,0.7249398,78,51,9,8,21,30,330,0.015
434,0.7208577,78,51,9,8,21,30,340,0.015
435,0.7175665,81,48,9,8,21,30,350,0.015
436,0.71450907,80,48,9,8,21,30,360,0.015
437,0.7117517,80,48,9,8,21,30,370,0.015
438,0.70884377,77,48,8,8,21,30,380,0.015
439,0.70574653,80,48,9,8,21,30,390,0.015
440,0.7026725,80,48,9,8,21,30,400,0.015
441,0.70010614,82,48,9,8,21,30,410,0.015
442,0.69753873,81,48,9,8,21,30,420,0.015
443,0.6948337,81,48,9,8,21,30,430,0.015
444,0.692101,78,48,9,8,21,30,440,0.015
445,0.6891859,78,48,9,8,21,30,450,0.015
446,0.68593425,78,48,9,8,21,30,460,0.015
447,0.6825764,80,48,9,7,21,30,470,0.015
448,0.6789456,82,48,9,7,21,30,480,0.015
449,0.675408,82,47,9,7,21,30,490,0.015
450,0.9989641,71,71,9,9,21,25,0,0.015
451,0.997188,73,71,9,9,21,25,10,0.015
452,0.9944729,73,71,9,8,21,25,20,0.015
453,0.9907058,75,70,9,8,21,25,30,0.015
454,0.9854083,76,70,9,8,21,25,40,0.015
455,0.97903806,76,70,9,8,21,25,50,0.015
456,0.97143596,76,69,9,8,21,25,60,0.015
457,0.962749,77,70,8,8,21,25,70,0.015
458,0.9530373,77,67,8,8,21,25,80,0.015
459,0.94242424,77,67,8,8,21,25,90,0.015
460,0.9309332,75,67,8,8,21,25,100,0.015
461,0.9187292,77,66,8,8,21,25,110,0.015
462,0.90561444,76,64,8,8,21,25,120,0.015
463,0.8919049,76,66,8,8,21,25,130,0.015
464,0.8776497,76,65,8,8,21,25,140,0.015
465,0.8627728,76,65,8,8,21,25,150,0.015
466,0.84750193,75,64,8,8,21,25,160,0.015
467,0.8321295,75,66,8,8,21,25,170,0.015
468,0.81648654,74,66,8,8,21,25,180,0.015
469,0.80112547,74,63,8,8,21,25,190,0.015
470,0.7863965,78,64,8,8,21,25,200,0.015
471,0.7725775,78,64,8,8,21,25,210,0.015
472,0.75960207,78,63,8,8,21,25,220,0.015
473,0.74762017,78,64,8,8,21,25,230,0.015
474,0.7365806,77,63,8,7,21,25,240,0.015
475,0.72649294,79,64,8,7,21,25,250,0.015
476,0.7171206,82,64,8,7,21,25,260,0.015
477,0.7085092,83,64,8,7,21,25,270,0.015
478,0.70036054,86,64,8,7,21,25,280,0.015
479,0.6927515,85,64,8,7,21,25,290,0.015
480,0.68560386,88,61,8,7,21,25,300,0.015
481,0.6790001,88,61,8,7,21,25,310,0.015
482,0.6728753,88,61,8,7,21,25,320,0.015
483,0.6672337,88,61,9,7,21,25,330,0.015
484,0.6622167,91,60,9,7,21,25,340,0.015
485,0.6577555,88,62,9,7,21,25,350,0.015
486,0.6536011,89,62,9,7,21,25,360,0.015
487,0.649297,87,60,9,7,21,25,370,0.015
488,0.645299,86,60,9,7,21,25,380,0.015
489,0.6416335,84,60,9,7,21,25,390,0.015
490,0.63848835,86,60,9,7,21,25,400,0.015
491,0.6356489,83,60,9,7,21,25,410,0.015
492,0.6328694,78,60,9,7,21,25,420,0.015
493,0.63072824,77,60,9,7,21,25,430,0.015
494,0.6285888,80,60,9,7,21,25,440,0.015
495,0.62669605,77,60,9,7,21,25,450,0.015
496,0.6248238,76,60,9,7,21,25,460,0.015
497,0.6232083,74,60,9,7,21,25,470,0.015
498,0.621735,74,60,9,7,21,25,480,0.015
499,0.6203849,77,59,9,7,21,25,490,0.015
500,0.99782205,103,100,7,7,14,24,0,0.02
501,0.9943222,100,99,7,8,14,24,10,0.02
502,0.9891677,99,96,7,8,14,24,20,0.02
503,0.98213494,95,96,7,8,14,24,30,0.02
504,0.97316915,100,91,8,8,14,24,40,0.02
505,0.9623375,97,87,7,8,14,24,50,0.02
506,0.9499535,97,91,7,8,14,24,60,0.02
507,0.9363578,98,90,7,8,14,24,70,0.02
508,0.9216139,97,91,7,8,14,24,80,0.02
509,0.90581584,95,90,7,8,14,24,90,0.02
510,0.88923615,91,90,7,8,14,24,100,0.02
511,0.871943,92,83,7,8,14,24,110,0.02
512,0.8546611,91,85,7,8,14,24,120,0.02
513,0.83735275,93,86,7,8,14,24,130,0.02
514,0.82003623,95,87,7,8,14,24,140,0.02
515,0.80284226,98,86,7,8,14,24,150,0.02
516,0.7857635,100,85,7,8,14,24,160,0.02
517,0.7692442,99,84,7,8,14,24,170,0.02
518,0.7533374,103,82,7,7,14,24,180,0.02
519,0.7381793,106,81,8,7,14,24,190,0.02
520,0.72383463,105,81,8,7,14,24,200,0.02
521,0.7106292,109,80,8,7,14,24,210,0.02
522,0.6986075,108,81,8,7,14,24,220,0.02
523,0.6881246,101,79,8,7,14,24,230,0.02
524,0.6786304,101,77,8,7,14,24,240,0.02
525,0.66991186,100,77,8,7,14,24,250,0.02
526,0.66186726,101,78,8,7,14,24,260,0.02
527,0.6545763,103,79,8,7,14,24,270,0.02
528,0.64767116,104,77,8,7,14,24,280,0.02
529,0.6413384,103,76,8,7,14,24,290,0.02
530,0.6360287,101,77,8,7,14,24,300,0.02
531,0.6323972,94,74,8,7,14,24,310,0.02
532,0.6299358,92,74,8,7,14,24,320,0.02
533,0.62899196,91,75,8,7,14,24,330,0.02
534,0.628682,94,76,8,7,14,24,340,0.02
535,0.62892944,94,73,8,7,14,24,350,0.02
536,0.62953323,98,74,8,7,14,24,360,0.02
537,0.63009685,96,75,7,7,14,24,370,0.02
538,0.6305481,96,70,7,7,14,24,380,0.02
539,0.6307828,95,70,7,7,14,24,390,0.02
540,0.63052267,98,71,7,7,14,24,400,0.02
541,0.6302963,101,70,7,7,14,24,410,0.02
542,0.6305351,103,65,7,7,14,24,420,0.02
543,0.63088554,104,66,7,7,14,24,430,0.02
544,0.631392,101,64,7,7,14,24,440,0.02
545,0.63130724,105,63,7,7,14,24,450,0.02
546,0.63110363,106,63,7,7,14,24,460,0.02
547,0.6305753,108,64,8,7,14,24,470,0.02
548,0.6299939,104,63,8,7,14,24,480,0.02
549,0.6296542,105,64,8,7,14,24,490,0.02
550,0.99771893,97,92,8,8,14,23,0,0.02
551,0.99460584,95,92,8,8,14,23,10,0.02
552,0.98952615,93,89,8,8,14,23,20,0.02
553,0.98255724,91,88,8,8,14,23,30,0.02
554,0.9735121,85,88,8,8,14,23,40,0.02
555,0.9626115,89,88,8,8,14,23,50,0.02
556,0.9500576,88,90,8,8,14,23,60,0.02
557,0.9362257,90,83,8,8,14,23,70,0.02
558,0.92141974,92,78,8,8,14,23,80,0.02
559,0.90589905,94,79,8,8,14,23,90,0.02
560,0.8899711,95,79,8,8,14,23,100,0.02
561,0.87330496,97,77,8,8,14,23,110,0.02
562,0.85597235,100,76,8,8,14,23,120,0.02
563,0.8386955,102,77,8,8,14,23,130,0.02
564,0.82137674,101,77,8,8,14,23,140,0.02
565,0.8038125,101,77,8,8,14,23,150,0.02
566,0.7869061,95,76,8,8,14,23,160,0.02
567,0.7707327,97,78,8,8,14,23,170,0.02
568,0.75554764,95,78,8,8,14,23,180,0.02
569,0.7412397,94,77,8,8,14,23,190,0.02
570,0.7278757,93,79,8,8,14,23,200,0.02
571,0.71507967,90,77,7,8,14,23,210,0.02
572,0.70296586,93,77,7,8,14,23,220,0.02
573,0.691625,90,77,7,8,14,23,230,0.02
574,0.6813726,89,77,7,8,14,23,240,0.02
575,0.6721922,93,74,7,8,14,23,250,0.02
576,0.66460425,90,74,7,8,14,23,260,0.02
577,0.65833956,91,74,7,8,14,23,270,0.02
578,0.6532436,91,76,7,8,14,23,280,0.02
579,0.6490787,90,75,7,8,14,23,290,0.02
580,0.6456909,91,76,7,8,14,23,300,0.02
581,0.6428551,92,73,7,8,14,23,310,0.02
582,0.6407485,98,69,7,8,14,23,320,0.02
583,0.6390586,97,71,7,8,14,23,330,0.02
584,0.6377022,101,72,7,8,14,23,340,0.02
585,0.6367013,101,69,7,8,14,23,350,0.02
586,0.63601345,103,69,7,8,14,23,360,0.02
587,0.6357214,99,69,7,8,14,23,370,0.02
588,0.635273,101,69,7,8,14,23,380,0.02
589,0.6345377,101,69,7,8,14,23,390,0.02
590,0.6332344,98,67,8,8,14,23,400,0.02
591,0.63171506,98,68,8,8,14,23,410,0.02
592,0.6299573,97,68,8,8,14,23,420,0.02
593,0.628112,101,67,8,8,14,23,430,0.02
594,0.6260188,98,68,8,8,14,23,440,0.02
595,0.6236779,97,68,8,8,14,23,450,0.02
596,0.6213461,95,66,8,8,14,23,460,0.02
597,0.6192599,98,66,8,8,14,23,470,0.02
598,0.6176796,97,67,8,8,14,23,480,0.02
599,0.6165144,96,66,8,8,14,23,490,0.02
600,0.99824387,95,92,8,8,14,22,0,0.02
601,0.99544865,93,89,8,8,14,22,10,0.02
602,0.9909117,93,89,8,8,14,22,20,0.02
603,0.98467654,94,85,8,8,14,22,30,0.02
604,0.9764386,99,87,8,8,14,22,40,0.02
605,0.96661806,98,86,8,8,14,22,50,0.02
606,0.95518494,98,85,7,8,14,22,60,0.02
607,0.9426262,98,83,7,8,14,22,70,0.02
608,0.9285547,98,82,7,8,14,22,80,0.02
609,0.9130032,98,80,7,8,14,22,90,0.02
610,0.8965806,96,81,7,8,14,22,100,0.02
611,0.87928927,98,79,7,8,14,22,110,0.02
612,0.86170703,97,80,7,8,14,22,120,0.02
613,0.8439747,99,77,7,8,14,22,130,0.02
614,0.8261711,98,77,7,8,14,22,140,0.02
615,0.80858254,93,74,8,8,14,22,150,0.02
616,0.7915913,100,74,8,8,14,22,160,0.02
617,0.7752396,96,74,8,8,14,22,170,0.02
618,0.7590505,96,73,8,8,14,22,180,0.02
619,0.74398947,92,72,8,8,14,22,190,0.02
620,0.7302349,93,73,8,8,14,22,200,0.02
621,0.7176253,88,73,8,8,14,22,210,0.02
622,0.70590764,92,69,8,8,14,22,220,0.02
623,0.694911,90,68,8,8,14,22,230,0.02
624,0.68482697,91,67,8,8,14,22,240,0.02
625,0.67568517,86,67,8,8,14,22,250,0.02
626,0.6677993,84,65,8,7,14,22,260,0.02
627,0.6609736,81,65,8,7,14,22,270,0.02
628,0.65455735,82,67,8,7,14,22,280,0.02
629,0.648725,82,66,8,7,14,22,290,0.02
630,0.64402527,86,67,8,7,14,22,300,0.02
631,0.64030594,86,65,8,7,14,22,310,0.02
632,0.6373504,87,65,8,7,14,22,320,0.02
633,0.6355646,85,66,8,7,14,22,330,0.02
634,0.6351503,86,67,8,7,14,22,340,0.02
635,0.63558906,85,66,8,7,14,22,350,0.02
636,0.63642293,84,66,8,7,14,22,360,0.02
637,0.6376072,85,66,8,7,14,22,370,0.02
638,0.6390568,85,67,8,7,14,22,380,0.02
639,0.64026594,85,67,8,7,14,22,390,0.02
640,0.64142156,89,64,8,7,14,22,400,0.02
641,0.64197665,83,62,8,7,14,22,410,0.02
642,0.642421,89,62,8,7,14,22,420,0.02
643,0.6430683,88,61,8,7,14,22,430,0.02
644,0.6442304,88,62,8,7,14,22,440,0.02
645,0.6455999,89,61,8,7,14,22,450,0.02
646,0.6473205,91,63,8,7,14,22,460,0.02
647,0.64897966,89,64,8,7,14,22,470,0.02
648,0.6503008,89,61,8,7,14,22,480,0.02
649,0.6516115,90,60,8,7,14,22,490,0.02
650,0.998137,103,99,8,8,14,22,0,0.02
651,0.99516916,103,98,8,8,14,22,10,0.02
652,0.99088943,103,97,8,8,14,22,20,0.02
653,0.98468906,101,98,8,8,14,22,30,0.02
654,0.9767298,95,97,8,8,14,22,40,0.02
655,0.96733886,96,95,8,8,14,22,50,0.02
656,0.95618546,97,96,8,8,14,22,60,0.02
657,0.94354326,95,97,8,8,14,22,70,0.02
658,0.92956036,98,94,8,8,14,22,80,0.02
659,0.9150584,97,94,8,8,14,22,90,0.02
660,0.8995715,102,93,8,8,14,22,100,0.02
661,0.8838584,100,89,8,8,14,22,110,0.02
662,0.86764795,101,85,8,8,14,22,120,0.02
663,0.85151,99,84,8,8,14,22,130,0.02
664,0.8356464,95,84,8,8,14,22,140,0.02
665,0.81977814,97,82,8,8,14,22,150,0.02
666,0.8041372,94,78,8,8,14,22,160,0.02
667,0.7888165,96,77,8,8,14,22,170,0.02
668,0.7733856,92,76,8,8,14,22,180,0.02
669,0.75828147,90,75,8,8,14,22,190,0.02
670,0.7436768,97,76,8,8,14,22,200,0.02
671,0.7293252,97,77,8,8,14,22,210,0.02
672,0.7156956,91,78,8,8,14,22,220,0.02
673,0.70321125,90,77,8,8,14,22,230,0.02
674,0.69270957,90,78,8,8,14,22,240,0.02
675,0.6838757,92,77,8,8,14,22,250,0.02
676,0.67678386,90,76,8,8,14,22,260,0.02
677,0.67096406,95,76,8,8,14,22,270,0.02
678,0.66573787,93,75,8,7,14,22,280,0.02
679,0.66190326,95,73,8,7,14,22,290,0.02
680,0.65935093,95,74,8,7,14,22,300,0.02
681,0.65781564,92,73,8,7,14,22,310,0.02
682,0.65682703,88,72,8,7,14,22,320,0.02
683,0.6561977,92,72,8,7,14,22,330,0.02
684,0.6557934,95,71,8,7,14,22,340,0.02
685,0.65537095,92,69,7,7,14,22,350,0.02
686,0.6545072,93,68,7,7,14,22,360,0.02
687,0.65323997,97,68,7,7,14,22,370,0.02
688,0.652041,97,69,7,7,14,22,380,0.02
689,0.6509121,98,67,7,7,14,22,390,0.02
690,0.6504126,96,64,7,7,14,22,400,0.02
691,0.64989424,97,65,7,7,14,22,410,0.02
692,0.64972323,95,65,7,7,14,22,420,0.02
693,0.64968866,92,64,7,7,14,22,430,0.02
694,0.6494688,92,64,8,7,14,22,440,0.02
695,0.64952296,97,64,8,7,14,22,450,0.02
696,0.6497251,97,65,8,7,14,22,460,0.02
697,0.64956045,96,64,8,7,14,22,470,0.02
698,0.6493442,96,67,8,7,14,22,480,0.02
699,0.64894265,99,67,8,7,14,22,490,0.02
700,0.99782735,85,86,8,8,14,24,0,0.02
701,0.9948579,89,86,8,8,14,24,10,0.02
702,0.9898493,88,86,8,8,14,24,20,0.02
703,0.98282236,90,82,8,8,14,24,30,0.02
704,0.97420686,92,84,8,8,14,24,40,0.02
705,0.96347815,94,85,8,8,14,24,50,0.02
706,0.9521623,95,86,8,8,14,24,60,0.02
707,0.9391365,97,85,8,8,14,24,70,0.02
708,0.9254039,100,84,8,8,14,24,80,0.02
709,0.91073096,102,83,8,8,14,24,90,0.02
710,0.8954461,101,80,8,8,14,24,100,0.02
711,0.8796474,101,76,8,8,14,24,110,0.02
712,0.86393124,95,75,8,8,14,24,120,0.02
713,0.847998,97,76,8,8,14,24,130,0.02
714,0.8322688,95,75,8,8,14,24,140,0.02
715,0.8163578,94,74,8,8,14,24,150,0.02
716,0.8007869,93,70,8,8,14,24,160,0.02
717,0.78508586,90,70,7,8,14,24,170,0.02
718,0.76905525,93,70,7,8,14,24,180,0.02
719,0.753263,90,66,7,8,14,24,190,0.02
720,0.7376891,89,64,7,8,14,24,200,0.02
721,0.72296643,93,64,7,8,14,24,210,0.02
722,0.70891243,90,63,7,8,14,24,220,0.02
723,0.6957729,91,61,7,8,14,24,230,0.02
724,0.6836838,91,62,7,8,14,24,240,0.02
725,0.6726946,90,62,7,8,14,24,250,0.02
726,0.6623901,91,62,7,8,14,24,260,0.02
727,0.6533506,92,60,7,8,14,24,270,0.02
728,0.64557344,98,58,7,8,14,24,280,0.02
729,0.6392633,97,58,7,8,14,24,290,0.02
730,0.63442576,101,58,7,8,14,24,300,0.02
731,0.6302932,101,58,7,8,14,24,310,0.02
732,0.62692195,103,58,7,8,14,24,320,0.02
733,0.6238599,99,58,7,8,14,24,330,0.02
734,0.6211867,101,58,7,8,14,24,340,0.02
735,0.61886287,101,58,7,8,14,24,350,0.02
736,0.6168399,98,55,8,8,14,24,360,0.02
737,0.61531216,98,56,8,8,14,24,370,0.02
738,0.6143993,97,56,8,8,14,24,380,0.02
739,0.61349833,101,56,8,8,14,24,390,0.02
740,0.61239445,98,55,8,8,14,24,400,0.02
741,0.6113992,97,55,8,8,14,24,410,0.02
742,0.6104796,95,56,8,8,14,24,420,0.02
743,0.60997367,98,56,8,8,14,24,430,0.02
744,0.60976607,97,55,8,8,14,24,440,0.02
745,0.6096202,96,55,8,8,14,24,450,0.02
746,0.60994697,93,56,8,8,14,24,460,0.02
747,0.61064845,94,56,8,8,14,24,470,0.02
748,0.6122759,93,56,8,8,14,24,480,0.02
749,0.6141294,96,53,8,8,14,24,490,0.02
750,0.996634,134,124,7,7,10,20,0,0.025
751,0.99128085,130,119,7,7,10,20,10,0.025
752,0.9822178,128,118,7,7,10,20,20,0.025
753,0.9691131,129,115,7,7,10,20,30,0.025
754,0.95265114,122,116,7,7,10,20,40,0.025
755,0.9330509,114,113,7,7,10,20,50,0.025
756,0.91138446,114,111,7,7,10,20,60,0.025
757,0.8879878,120,109,7,7,10,20,70,0.025
758,0.8639333,124,106,7,7,10,20,80,0.025
759,0.83970565,126,107,7,7,10,20,90,0.025
760,0.81589055,134,106,7,7,10,20,100,0.025
761,0.7934131,130,104,7,7,10,20,110,0.025
762,0.7727777,130,101,7,7,10,20,120,0.025
763,0.75382775,131,98,7,7,10,20,130,0.025
764,0.7364831,129,94,7,7,10,20,140,0.025
765,0.72043324,131,96,7,7,10,20,150,0.025
766,0.7060002,131,94,7,7,10,20,160,0.025
767,0.69241405,130,91,7,7,10,20,170,0.025
768,0.6804534,133,85,7,8,10,20,180,0.025
769,0.6697716,131,86,7,8,10,20,190,0.025
770,0.66053736,128,82,7,8,10,20,200,0.025
771,0.65238,124,82,7,8,10,20,210,0.025
772,0.6460038,125,79,7,8,10,20,220,0.025
773,0.64109534,126,79,7,8,10,20,230,0.025
774,0.637928,122,78,7,8,10,20,240,0.025
775,0.6368217,118,77,7,8,10,20,250,0.025
776,0.6369554,112,78,7,8,10,20,260,0.025
777,0.637579,119,76,7,8,10,20,270,0.025
778,0.63890874,119,77,7,8,10,20,280,0.025
779,0.6402654,125,78,7,8,10,20,290,0.025
780,0.64100736,124,74,7,8,10,20,300,0.025
781,0.6415644,120,74,7,8,10,20,310,0.025
782,0.64236176,115,73,7,8,10,20,320,0.025
783,0.6438393,115,73,7,8,10,20,330,0.025
784,0.64613926,116,72,7,8,10,20,340,0.025
785,0.64913565,120,73,7,8,10,20,350,0.025
786,0.65187776,123,72,7,8,10,20,360,0.025
787,0.6547893,117,72,7,8,10,20,370,0.025
788,0.65768534,114,71,7,8,10,20,380,0.025
789,0.66059494,117,72,7,8,10,20,390,0.025
790,0.6632575,118,72,7,8,10,20,400,0.025
791,0.6655465,115,73,7,8,10,20,410,0.025
792,0.6677882,116,70,7,8,10,20,420,0.025
793,0.6698853,115,68,7,8,10,20,430,0.025
794,0.67180175,115,69,7,8,10,20,440,0.025
795,0.6739071,118,68,7,8,10,20,450,0.025
796,0.67610556,123,66,7,8,10,20,460,0.025
797,0.67822313,116,65,7,8,10,20,470,0.025
798,0.67971426,122,66,7,8,10,20,480,0.025
799,0.68088716,119,66,7,8,10,20,490,0.025
800,0.99683034,108,108,7,7,10,20,0,0.025
801,0.99075633,111,105,7,7,10,20,10,0.025
802,0.9811966,113,101,7,7,10,20,20,0.025
803,0.96850574,112,102,7,7,10,20,30,0.025
804,0.95321155,111,98,7,7,10,20,40,0.025
805,0.9358109,114,96,7,7,10,20,50,0.025
806,0.91621757,114,92,7,7,10,20,60,0.025
807,0.89473975,115,90,7,7,10,20,70,0.025
808,0.8719706,115,89,7,7,10,20,80,0.025
809,0.848738,118,89,7,7,10,20,90,0.025
810,0.82456875,125,89,7,7,10,20,100,0.025
811,0.80027205,123,89,7,7,10,20,110,0.025
812,0.7762066,127,89,7,7,10,20,120,0.025
813,0.75311327,121,88,7,7,10,20,130,0.025
814,0.7317549,121,87,7,8,10,20,140,0.025
815,0.7120946,124,90,7,8,10,20,150,0.025
816,0.6940077,124,90,7,8,10,20,160,0.025
817,0.677849,130,88,7,8,10,20,170,0.025
818,0.6642355,132,86,7,8,10,20,180,0.025
819,0.6531353,132,84,7,8,10,20,190,0.025
820,0.6448658,129,83,7,8,10,20,200,0.025
821,0.63811404,127,82,7,8,10,20,210,0.025
822,0.63300204,126,82,7,8,10,20,220,0.025
823,0.6303389,123,83,7,8,10,20,230,0.025
824,0.6297283,121,82,7,8,10,20,240,0.025
825,0.6310452,124,79,7,8,10,20,250,0.025
826,0.63372576,126,78,7,8,10,20,260,0.025
827,0.636696,126,79,7,8,10,20,270,0.025
828,0.639547,124,79,7,8,10,20,280,0.025
829,0.64255714,127,77,7,8,10,20,290,0.025
830,0.6455178,126,75,7,8,10,20,300,0.025
831,0.64821684,132,75,7,8,10,20,310,0.025
832,0.6512209,134,75,7,8,10,20,320,0.025
833,0.6537569,130,73,7,8,10,20,330,0.025
834,0.65573055,128,71,7,8,10,20,340,0.025
835,0.6560587,129,72,7,8,10,20,350,0.025
836,0.6558313,122,70,7,8,10,20,360,0.025
837,0.65525573,114,69,7,8,10,20,370,0.025
838,0.6547671,114,68,7,8,10,20,380,0.025
839,0.6545912,120,67,7,8,10,20,390,0.025
840,0.65482295,124,67,7,8,10,20,400,0.025
841,0.6544061,126,67,7,8,10,20,410,0.025
842,0.65338904,134,67,7,7,10,20,420,0.025
843,0.65250236,130,70,7,7,10,20,430,0.025
844,0.6507914,130,70,7,7,10,20,440,0.025
845,0.64878577,131,69,7,7,10,20,450,0.025
846,0.6465323,129,71,7,7,10,20,460,0.025
847,0.64424866,131,71,7,7,10,20,470,0.025
848,0.64258987,131,70,7,7,10,20,480,0.025
849,0.64177763,130,70,7,7,10,20,490,0.025
850,0.99640256,136,129,7,7,9,19,0,0.025
851,0.990724,134,128,7,7,9,19,10,0.025
852,0.9820312,134,123,7,7,9,19,20,0.025
853,0.9702687,135,122,7,7,9,19,30,0.025
854,0.9555747,134,120,7,7,9,19,40,0.025
855,0.93862796,139,118,7,7,9,19,50,0.025
856,0.91936153,138,117,7,7,9,19,60,0.025
857,0.8989949,138,118,7,7,9,19,70,0.025
858,0.878054,136,115,7,7,9,19,80,0.025
859,0.856391,132,110,7,7,9,19,90,0.025
860,0.8342983,133,110,7,7,9,19,100,0.025
861,0.8125288,129,108,7,7,9,19,110,0.025
862,0.7916102,134,105,7,7,9,19,120,0.025
863,0.771644,134,104,7,7,9,19,130,0.025
864,0.7537876,136,104,7,7,9,19,140,0.025
865,0.737331,133,103,7,7,9,19,150,0.025
866,0.7219023,138,101,7,7,9,19,160,0.025
867,0.7078341,139,101,7,7,9,19,170,0.025
868,0.69563913,132,100,7,7,9,19,180,0.025
869,0.6851294,129,100,7,7,9,19,190,0.025
870,0.6763503,126,97,7,7,9,19,200,0.025
871,0.6690048,128,95,7,7,9,19,210,0.025
872,0.6626508,123,92,7,7,9,19,220,0.025
873,0.6571662,120,90,7,7,9,19,230,0.025
874,0.65227133,123,88,7,7,9,19,240,0.025
875,0.6472597,120,88,7,7,9,19,250,0.025
876,0.6422242,118,88,7,7,9,19,260,0.025
877,0.6371836,121,86,7,7,9,19,270,0.025
878,0.6321869,121,84,7,7,9,19,280,0.025
879,0.6276794,120,83,7,7,9,19,290,0.025
880,0.6234372,120,85,7,7,9,19,300,0.025
881,0.62000275,121,85,7,7,9,19,310,0.025
882,0.61696863,118,86,7,7,9,19,320,0.025
883,0.6152085,122,85,7,7,9,19,330,0.025
884,0.61510307,120,82,7,7,9,19,340,0.025
885,0.6161376,125,84,7,7,9,19,350,0.025
886,0.61811745,120,83,7,7,9,19,360,0.025
887,0.6207904,121,84,7,7,9,19,370,0.025
888,0.6232539,124,81,7,7,9,19,380,0.025
889,0.62560546,124,81,7,7,9,19,390,0.025
890,0.6273661,125,80,7,7,9,19,400,0.025
891,0.6287942,124,75,7,7,9,19,410,0.025
892,0.62988764,124,74,7,7,9,19,420,0.025
893,0.6312562,126,74,7,7,9,19,430,0.025
894,0.63269305,126,73,7,7,9,19,440,0.025
895,0.63418937,131,73,7,7,9,19,450,0.025
896,0.63582355,134,76,7,7,9,19,460,0.025
897,0.63781995,133,73,7,7,9,19,470,0.025
898,0.63971233,130,72,7,7,9,19,480,0.025
899,0.64101905,129,75,7,7,9,19,490,0.025
900,0.9965594,126,121,7,7,10,18,0,0.025
901,0.9910494,123,117,7,7,10,18,10,0.025
902,0.9827777,121,114,7,7,10,18,20,0.025
903,0.970995,127,112,7,7,10,18,30,0.025
904,0.95615774,117,108,7,7,10,18,40,0.025
905,0.93883514,121,108,7,7,10,18,50,0.025
906,0.91946816,130,98,7,7,10,18,60,0.025
907,0.8990492,124,98,7,7,10,18,70,0.025
908,0.87796855,126,92,7,7,10,18,80,0.025
909,0.85616136,129,89,7,7,10,18,90,0.025
910,0.83471835,123,90,7,7,10,18,100,0.025
911,0.8132156,122,91,7,7,10,18,110,0.025
912,0.79179394,113,91,7,7,10,18,120,0.025
913,0.7709031,114,87,7,7,10,18,130,0.025
914,0.75085163,116,86,7,7,10,18,140,0.025
915,0.7327958,115,86,7,7,10,18,150,0.025
916,0.71733636,113,88,7,7,10,18,160,0.025
917,0.70437557,115,84,7,7,10,18,170,0.025
918,0.69304794,113,81,7,7,10,18,180,0.025
919,0.68357795,114,82,7,7,10,18,190,0.025
920,0.6757333,111,83,7,7,10,18,200,0.025
921,0.66894543,112,80,7,7,10,18,210,0.025
922,0.663251,115,81,7,7,10,18,220,0.025
923,0.65866244,112,82,7,7,10,18,230,0.025
924,0.6553155,105,82,7,7,10,18,240,0.025
925,0.65269417,107,81,7,7,10,18,250,0.025
926,0.650535,108,79,7,7,10,18,260,0.025
927,0.6493186,108,79,7,7,10,18,270,0.025
928,0.6483691,109,79,7,7,10,18,280,0.025
929,0.6474064,112,78,7,7,10,18,290,0.025
930,0.6466233,113,75,7,7,10,18,300,0.025
931,0.645878,114,72,7,7,10,18,310,0.025
932,0.6446438,114,74,7,7,10,18,320,0.025
933,0.6424487,119,74,7,7,10,18,330,0.025
934,0.6394485,125,72,7,7,10,18,340,0.025
935,0.6364032,125,72,7,7,10,18,350,0.025
936,0.6336965,128,71,7,7,10,18,360,0.025
937,0.6310053,128,71,7,7,10,18,370,0.025
938,0.6284208,134,73,7,7,10,18,380,0.025
939,0.62653536,132,73,7,7,10,18,390,0.025
940,0.6251106,131,75,7,7,10,18,400,0.025
941,0.6247701,131,76,7,7,10,18,410,0.025
942,0.6250003,126,78,7,7,10,18,420,0.025
943,0.6258084,123,79,7,7,10,18,430,0.025
944,0.62689245,129,79,7,7,10,18,440,0.025
945,0.6284952,131,77,7,7,10,18,450,0.025
946,0.6302122,131,77,6,7,10,18,460,0.025
947,0.6315987,132,75,6,7,10,18,470,0.025
948,0.63300306,133,75,6,7,10,18,480,0.025
949,0.63468146,133,74,6,7,10,18,490,0.025
950,0.9969492,123,118,7,7,9,21,0,0.025
951,0.99113476,121,116,7,7,9,21,10,0.025
952,0.9816286,124,115,7,7,9,21,20,0.025
953,0.96869296,126,111,7,7,9,21,30,0.025
954,0.9528821,126,108,7,7,9,21,40,0.025
955,0.9344955,124,106,7,7,9,21,50,0.025
956,0.914414,127,102,7,7,9,21,60,0.025
957,0.8932752,126,101,7,7,9,21,70,0.025
958,0.8713341,132,99,7,7,9,21,80,0.025
959,0.8502031,134,96,7,7,9,21,90,0.025
960,0.8299155,130,97,7,7,9,21,100,0.025
961,0.8103442,128,91,7,8,9,21,110,0.025
962,0.79098547,129,86,7,8,9,21,120,0.025
963,0.7718351,122,82,7,8,9,21,130,0.025
964,0.7525058,114,80,7,8,9,21,140,0.025
965,0.7338035,114,78,7,8,9,21,150,0.025
966,0.7157654,120,77,7,8,9,21,160,0.025
967,0.69936955,124,74,7,8,9,21,170,0.025
968,0.6847964,126,74,7,8,9,21,180,0.025
969,0.67260677,134,74,7,8,9,21,190,0.025
970,0.66154855,130,74,7,8,9,21,200,0.025
971,0.6514645,130,70,7,8,9,21,210,0.025
972,0.64214355,131,68,7,8,9,21,220,0.025
973,0.63298523,129,68,7,8,9,21,230,0.025
974,0.62411946,131,67,7,8,9,21,240,0.025
975,0.6165291,131,68,7,8,9,21,250,0.025
976,0.61041176,130,68,7,8,9,21,260,0.025
977,0.60635984,133,68,7,8,9,21,270,0.025
978,0.60408664,131,68,7,8,9,21,280,0.025
979,0.6031756,128,68,7,8,9,21,290,0.025
980,0.60377073,124,68,7,8,9,21,300,0.025
981,0.6061626,125,68,7,8,9,21,310,0.025
982,0.6097893,126,67,7,8,9,21,320,0.025
983,0.614255,122,70,7,8,9,21,330,0.025
984,0.61935484,118,69,7,8,9,21,340,0.025
985,0.6244937,112,70,7,8,9,21,350,0.025
986,0.62910676,119,70,7,8,9,21,360,0.025
987,0.63316005,119,70,7,8,9,21,370,0.025
988,0.63645667,125,69,7,8,9,21,380,0.025
989,0.63870144,124,69,7,8,9,21,390,0.025
990,0.64012736,120,68,7,8,9,21,400,0.025
991,0.6409579,115,69,7,8,9,21,410,0.025
992,0.64177305,115,68,7,8,9,21,420,0.025
993,0.6429249,116,68,7,8,9,21,430,0.025
994,0.6444969,120,69,7,8,9,21,440,0.025
995,0.6463753,123,68,7,8,9,21,450,0.025
996,0.6487586,117,69,7,8,9,21,460,0.025
997,0.6514518,114,69,7,8,9,21,470,0.025
998,0.65413,117,69,7,8,9,21,480,0.025
999,0.6568457,118,69,7,8,9,21,490,0.025
1000,0.9952131,145,143,7,7,7,20,0,0.03
1001,0.985246,147,143,7,7,7,20,10,0.03
1002,0.9695047,152,137,7,7,7,20,20,0.03
1003,0.94803435,152,137,7,7,7,20,30,0.03
1004,0.9216971,151,129,7,7,7,20,40,0.03
1005,0.8917992,151,127,7,7,7,20,50,0.03
1006,0.8602595,152,121,6,7,7,20,60,0.03
1007,0.8288384,147,115,6,7,7,20,70,0.03
1008,0.7987907,145,110,6,7,7,20,80,0.03
1009,0.7713419,153,106,6,7,7,20,90,0.03
1010,0.7469821,153,103,6,7,7,20,100,0.03
1011,0.72506243,151,102,6,7,7,20,110,0.03
1012,0.70628256,154,102,6,7,7,20,120,0.03
1013,0.6904785,153,100,6,7,7,20,130,0.03
1014,0.6786006,148,100,6,7,7,20,140,0.03
1015,0.669554,146,100,6,7,7,20,150,0.03
1016,0.6613409,150,100,6,7,7,20,160,0.03
1017,0.6539631,149,100,6,7,7,20,170,0.03
1018,0.64752966,158,99,6,7,7,20,180,0.03
1019,0.64302456,158,101,6,7,7,20,190,0.03
1020,0.6403697,157,104,6,7,7,20,200,0.03
1021,0.6405487,158,103,6,7,7,20,210,0.03
1022,0.64219046,157,100,6,7,7,20,220,0.03
1023,0.64456487,155,101,6,7,7,20,230,0.03
1024,0.6470507,154,97,6,7,7,20,240,0.03
1025,0.6491759,153,98,6,7,7,20,250,0.03
1026,0.6503264,155,98,6,7,7,20,260,0.03
1027,0.6510897,151,98,6,7,7,20,270,0.03
1028,0.65203655,157,99,6,7,7,20,280,0.03
1029,0.65287244,156,99,6,7,7,20,290,0.03
1030,0.6527351,160,98,6,7,7,20,300,0.03
1031,0.65133077,157,96,6,6,7,20,310,0.03
1032,0.6480251,156,97,6,6,7,20,320,0.03
1033,0.64416057,150,94,6,6,7,20,330,0.03
1034,0.6400041,148,95,6,6,7,20,340,0.03
1035,0.63614863,151,95,7,6,7,20,350,0.03
1036,0.63220745,150,96,7,6,7,20,360,0.03
1037,0.6285836,148,96,7,6,7,20,370,0.03
1038,0.62564915,147,94,7,6,7,20,380,0.03
1039,0.62428975,144,93,7,6,7,20,390,0.03
1040,0.6238583,141,94,7,6,7,20,400,0.03
1041,0.62394583,143,94,7,6,7,20,410,0.03
1042,0.6238666,142,94,7,6,7,20,420,0.03
1043,0.6231868,150,94,7,6,7,20,430,0.03
1044,0.62252045,149,90,7,6,7,20,440,0.03
1045,0.62271184,143,91,7,6,7,20,450,0.03
1046,0.6238575,147,91,7,6,7,20,460,0.03
1047,0.6256201,151,91,6,6,7,20,470,0.03
1048,0.6278946,152,91,6,6,7,20,480,0.03
1049,0.6293947,156,92,6,6,7,20,490,0.03
1050,0.99467313,150,151,6,6,7,15,0,0.03
1051,0.98487014,154,151,6,6,7,15,10,0.03
1052,0.9698084,158,148,6,6,7,15,20,0.03
1053,0.9496039,158,140,6,6,7,15,30,0.03
1054,0.9258051,160,136,6,6,7,15,40,0.03
1055,0.8990928,159,131,6,6,7,15,50,0.03
1056,0.86979854,161,127,6,6,7,15,60,0.03
1057,0.8384122,158,124,6,6,7,15,70,0.03
1058,0.80702424,153,121,6,6,7,15,80,0.03
1059,0.7774878,157,119,6,7,7,15,90,0.03
1060,0.7501187,157,119,6,7,7,15,100,0.03
1061,0.72612727,155,113,6,7,7,15,110,0.03
1062,0.70642346,153,113,6,7,7,15,120,0.03
1063,0.6903921,157,108,6,7,7,15,130,0.03
1064,0.6779634,164,109,6,7,7,15,140,0.03
1065,0.6685716,166,107,6,7,7,15,150,0.03
1066,0.66223556,168,105,6,7,7,15,160,0.03
1067,0.65790886,174,105,6,7,7,15,170,0.03
1068,0.6553103,175,100,6,7,7,15,180,0.03
1069,0.6534584,169,99,6,7,7,15,190,0.03
1070,0.6526961,168,99,6,7,7,15,200,0.03
1071,0.65188426,168,96,6,7,7,15,210,0.03
1072,0.6505237,172,96,6,7,7,15,220,0.03
1073,0.6497137,168,95,6,7,7,15,230,0.03
1074,0.64936477,161,98,6,6,7,15,240,0.03
1075,0.6486955,157,98,6,6,7,15,250,0.03
1076,0.6475345,160,98,6,6,7,15,260,0.03
1077,0.6460999,151,94,7,6,7,15,270,0.03
1078,0.6455225,154,95,6,6,7,15,280,0.03
1079,0.6455225,161,93,6,6,7,15,290,0.03
1080,0.645215,165,91,6,6,7,15,300,0.03
1081,0.6432102,164,86,6,6,7,15,310,0.03
1082,0.6399999,163,85,6,6,7,15,320,0.03
1083,0.6374027,164,86,6,6,7,15,330,0.03
1084,0.6348558,161,86,6,6,7,15,340,0.03
1085,0.6327014,159,86,6,6,7,15,350,0.03
1086,0.63115275,157,81,6,6,7,15,360,0.03
1087,0.63031524,161,82,6,6,7,15,370,0.03
1088,0.6300358,167,83,6,6,7,15,380,0.03
1089,0.63013357,164,82,6,6,7,15,390,0.03
1090,0.6314464,157,85,6,6,7,15,400,0.03
1091,0.6332625,159,87,6,6,7,15,410,0.03
1092,0.6346912,163,85,6,6,7,15,420,0.03
1093,0.63659245,159,87,6,6,7,15,430,0.03
1094,0.6381804,159,88,6,6,7,15,440,0.03
1095,0.64023066,159,87,6,6,7,15,450,0.03
1096,0.64157766,166,88,6,6,7,15,460,0.03
1097,0.642813,168,89,6,6,7,15,470,0.03
1098,0.64462155,163,88,6,6,7,15,480,0.03
1099,0.64711785,157,88,6,6,7,15,490,0.03
1100,0.99459934,150,149,6,7,8,15,0,0.03
1101,0.98507726,148,142,6,7,8,15,10,0.03
1102,0.9696643,151,134,7,7,8,15,20,0.03
1103,0.9494329,150,132,7,7,8,15,30,0.03
1104,0.92566043,148,136,7,7,8,15,40,0.03
1105,0.9005078,147,128,7,7,8,15,50,0.03
1106,0.8755902,144,122,7,7,8,15,60,0.03
1107,0.8510363,141,121,7,7,8,15,70,0.03
1108,0.8272702,143,118,7,7,8,15,80,0.03
1109,0.80484706,142,118,7,7,8,15,90,0.03
1110,0.78324044,150,115,7,7,8,15,100,0.03
1111,0.76337665,149,112,7,7,8,15,110,0.03
1112,0.7456809,143,107,7,7,8,15,120,0.03
1113,0.73009366,147,106,7,7,8,15,130,0.03
1114,0.7160325,151,102,6,7,8,15,140,0.03
1115,0.70251113,152,105,6,7,8,15,150,0.03
1116,0.68962044,156,99,6,7,8,15,160,0.03
1117,0.6778976,155,101,6,7,8,15,170,0.03
1118,0.6655918,156,99,6,7,8,15,180,0.03
1119,0.6532768,142,97,6,7,8,15,190,0.03
1120,0.6428682,148,97,6,7,8,15,200,0.03
1121,0.6358118,152,98,6,7,8,15,210,0.03
1122,0.6323983,163,97,6,7,8,15,220,0.03
1123,0.631484,160,96,6,7,8,15,230,0.03
1124,0.6328541,163,94,6,7,8,15,240,0.03
1125,0.63615876,167,95,6,7,8,15,250,0.03
1126,0.64010507,169,95,6,7,8,15,260,0.03
1127,0.6445906,166,95,6,7,8,15,270,0.03
1128,0.6494845,164,94,6,7,8,15,280,0.03
1129,0.6543884,169,91,6,7,8,15,290,0.03
1130,0.6583491,178,92,6,7,8,15,300,0.03
1131,0.6614917,175,91,6,7,8,15,310,0.03
1132,0.66462463,174,91,6,7,8,15,320,0.03
1133,0.66710657,169,87,6,7,8,15,330,0.03
1134,0.6689125,161,88,6,7,8,15,340,0.03
1135,0.66913915,168,85,6,7,8,15,350,0.03
1136,0.66812027,161,83,6,7,8,15,360,0.03
1137,0.66666687,156,82,6,7,8,15,370,0.03
1138,0.6650787,157,83,6,7,8,15,380,0.03
1139,0.6631657,154,83,6,7,8,15,390,0.03
1140,0.66002345,153,84,6,7,8,15,400,0.03
1141,0.6567996,149,82,6,7,8,15,410,0.03
1142,0.65403044,146,79,6,7,8,15,420,0.03
1143,0.6505231,143,80,6,7,8,15,430,0.03
1144,0.64742005,142,80,6,7,8,15,440,0.03
1145,0.6440847,146,81,6,7,8,15,450,0.03
1146,0.64168906,146,81,6,7,8,15,460,0.03
1147,0.6400928,141,79,6,7,8,15,470,0.03
1148,0.63933265,141,79,6,7,8,15,480,0.03
1149,0.6392432,140,79,6,7,8,15,490,0.03
1150,0.995022,132,136,6,7,7,17,0,0.03
1151,0.98558605,140,137,6,7,7,17,10,0.03
1152,0.97061497,146,134,6,7,7,17,20,0.03
1153,0.9505401,144,132,6,7,7,17,30,0.03
1154,0.927075,140,123,6,7,7,17,40,0.03
1155,0.89991844,137,119,6,7,7,17,50,0.03
1156,0.87141204,144,117,6,7,7,17,60,0.03
1157,0.8426824,140,112,6,7,7,17,70,0.03
1158,0.8148107,142,114,6,7,7,17,80,0.03
1159,0.7885986,140,113,6,7,7,17,90,0.03
1160,0.76334876,138,112,6,7,7,17,100,0.03
1161,0.7387073,139,115,6,7,7,17,110,0.03
1162,0.7147604,133,114,6,7,7,17,120,0.03
1163,0.69200957,128,111,7,7,7,17,130,0.03
1164,0.6718364,126,105,7,7,7,17,140,0.03
1165,0.6557568,135,105,7,7,7,17,150,0.03
1166,0.64427763,143,103,7,7,7,17,160,0.03
1167,0.63680756,124,102,7,7,7,17,170,0.03
1168,0.6326715,124,98,7,7,7,17,180,0.03
1169,0.6316168,129,98,7,7,7,17,190,0.03
1170,0.63301206,130,101,7,7,7,17,200,0.03
1171,0.6357178,137,96,7,7,7,17,210,0.03
1172,0.6379636,126,90,7,7,7,17,220,0.03
1173,0.63940966,125,90,7,7,7,17,230,0.03
1174,0.64009255,138,86,7,7,7,17,240,0.03
1175,0.64064294,143,79,7,7,7,17,250,0.03
1176,0.6411726,135,80,7,7,7,17,260,0.03
1177,0.6421708,143,81,7,7,7,17,270,0.03
1178,0.6423581,139,82,7,7,7,17,280,0.03
1179,0.6417394,133,81,7,7,7,17,290,0.03
1180,0.64067644,132,80,6,7,7,17,300,0.03
1181,0.63974315,131,79,6,7,7,17,310,0.03
1182,0.6399034,124,78,6,7,7,17,320,0.03
1183,0.6397509,123,78,6,7,7,17,330,0.03
1184,0.6387216,128,78,6,7,7,17,340,0.03
1185,0.6368268,131,76,6,7,7,17,350,0.03
1186,0.6342095,125,77,7,7,7,17,360,0.03
1187,0.631052,126,77,7,7,7,17,370,0.03
1188,0.6287083,133,77,7,7,7,17,380,0.03
1189,0.62669593,135,77,7,7,7,17,390,0.03
1190,0.62581843,140,74,7,7,7,17,400,0.03
1191,0.6260464,138,76,7,7,7,17,410,0.03
1192,0.62674963,136,77,6,7,7,17,420,0.03
1193,0.627938,140,75,6,7,7,17,430,0.03
1194,0.62957776,140,75,6,7,7,17,440,0.03
1195,0.63191503,140,72,7,7,7,17,450,0.03
1196,0.6347331,142,72,7,7,7,17,460,0.03
1197,0.63717735,144,71,7,7,7,17,470,0.03
1198,0.63927895,149,71,7,7,7,17,480,0.03
1199,0.64028656,148,70,7,7,7,17,490,0.03
1200,0.99420273,164,166,6,6,7,18,0,0.03
1201,0.98334414,169,159,6,6,7,18,10,0.03
1202,0.96725476,178,158,6,6,7,18,20,0.03
1203,0.94644785,175,157,6,6,7,18,30,0.03
1204,0.922271,174,157,6,6,7,18,40,0.03
1205,0.89542824,169,153,6,6,7,18,50,0.03
1206,0.8665158,161,154,6,6,7,18,60,0.03
1207,0.8375005,168,145,6,6,7,18,70,0.03
1208,0.8097109,161,138,6,7,7,18,80,0.03
1209,0.78254807,156,133,6,7,7,18,90,0.03
1210,0.7565873,157,133,6,7,7,18,100,0.03
1211,0.7321785,154,131,6,7,7,18,110,0.03
1212,0.7100077,153,130,6,7,7,18,120,0.03
1213,0.6908706,149,126,6,7,7,18,130,0.03
1214,0.6751413,146,120,6,7,7,18,140,0.03
1215,0.6629715,143,118,6,7,7,18,150,0.03
1216,0.65307224,142,116,6,7,7,18,160,0.03
1217,0.6449519,146,115,6,7,7,18,170,0.03
1218,0.63902205,146,113,6,7,7,18,180,0.03
1219,0.63630354,141,112,6,7,7,18,190,0.03
1220,0.6349707,141,111,6,7,7,18,200,0.03
1221,0.6347655,140,108,6,7,7,18,210,0.03
1222,0.63607293,141,108,6,7,7,18,220,0.03
1223,0.6381495,145,105,6,7,7,18,230,0.03
1224,0.6405533,150,105,6,7,7,18,240,0.03
1225,0.6432062,154,105,6,7,7,18,250,0.03
1226,0.64643615,152,101,6,7,7,18,260,0.03
1227,0.6499561,153,100,6,7,7,18,270,0.03
1228,0.65321034,152,101,6,7,7,18,280,0.03
1229,0.6558746,143,99,6,7,7,18,290,0.03
1230,0.6582817,136,100,6,7,7,18,300,0.03
1231,0.66066885,141,98,7,7,7,18,310,0.03
1232,0.662445,147,96,7,6,7,18,320,0.03
1233,0.663528,151,95,6,6,7,18,330,0.03
1234,0.66367936,148,96,6,6,7,18,340,0.03
1235,0.6640538,150,97,6,6,7,18,350,0.03
1236,0.6647388,153,97,6,6,7,18,360,0.03
1237,0.6651529,149,97,6,6,7,18,370,0.03
1238,0.6650265,153,96,6,6,7,18,380,0.03
1239,0.6643371,150,96,6,6,7,18,390,0.03
1240,0.66382945,151,96,6,6,7,18,400,0.03
1241,0.6624563,151,97,6,6,7,18,410,0.03
1242,0.66013515,152,98,6,6,7,18,420,0.03
1243,0.65778005,156,98,6,6,7,18,430,0.03
1244,0.6553822,152,98,6,6,7,18,440,0.03
1245,0.6533956,145,95,6,6,7,18,450,0.03
1246,0.651018,143,92,6,6,7,18,460,0.03
1247,0.64796114,148,93,6,6,7,18,470,0.03
1248,0.6435591,155,94,6,6,7,18,480,0.03
1249,0.63780755,151,94,6,6,7,18,490,0.03
1250,0.99140227,182,183,6,6,6,14,0,0.035
1251,0.9752,176,174,6,6,6,14,10,0.035
1252,0.9512875,177,172,6,6,6,14,20,0.035
1253,0.92045516,184,172,6,6,6,14,30,0.035
1254,0.88535476,192,165,5,6,6,14,40,0.035
1255,0.8485452,197,167,5,6,6,14,50,0.035
1256,0.81211936,181,159,6,6,6,14,60,0.035
1257,0.77967685,187,158,6,6,6,14,70,0.035
1258,0.7506699,192,155,6,6,6,14,80,0.035
1259,0.724551,190,157,6,6,6,14,90,0.035
1260,0.70017743,191,152,6,6,6,14,100,0.035
1261,0.6806407,187,151,6,6,6,14,110,0.035
1262,0.66509897,190,148,6,6,6,14,120,0.035
1263,0.65397334,183,146,6,6,6,14,130,0.035
1264,0.6480051,180,143,6,6,6,14,140,0.035
1265,0.64645165,177,137,6,6,6,14,150,0.035
1266,0.6461987,176,136,6,6,6,14,160,0.035
1267,0.64687586,175,135,6,6,6,14,170,0.035
1268,0.64733094,175,133,6,6,6,14,180,0.035
1269,0.6476465,169,138,6,6,6,14,190,0.035
1270,0.64790046,166,135,6,6,6,14,200,0.035
1271,0.64750075,173,130,6,6,6,14,210,0.035
1272,0.6441928,161,134,6,6,6,14,220,0.035
1273,0.64038485,161,128,6,6,6,14,230,0.035
1274,0.6382901,170,126,6,6,6,14,240,0.035
1275,0.63694346,177,122,6,6,6,14,250,0.035
1276,0.6381851,175,120,6,6,6,14,260,0.035
1277,0.64138275,165,119,6,6,6,14,270,0.035
1278,0.64408237,169,118,6,6,6,14,280,0.035
1279,0.6455857,168,122,6,6,6,14,290,0.035
1280,0.6462728,168,124,6,6,6,14,300,0.035
1281,0.6458538,166,121,6,6,6,14,310,0.035
1282,0.64546794,170,121,6,6,6,14,320,0.035
1283,0.64443946,157,121,6,6,6,14,330,0.035
1284,0.64213294,149,122,6,6,6,14,340,0.035
1285,0.6388936,172,120,6,7,6,14,350,0.035
1286,0.6353773,158,117,6,7,6,14,360,0.035
1287,0.63237053,163,117,6,7,6,14,370,0.035
1288,0.63120955,159,118,6,7,6,14,380,0.035
1289,0.63095784,165,114,6,7,6,14,390,0.035
1290,0.63152325,167,114,6,7,6,14,400,0.035
1291,0.6322728,167,110,6,7,6,14,410,0.035
1292,0.6328356,171,112,6,7,6,14,420,0.035
1293,0.6347793,176,112,6,7,6,14,430,0.035
1294,0.6382902,178,112,6,7,6,14,440,0.035
1295,0.6412621,173,115,6,7,6,14,450,0.035
1296,0.64169234,187,108,6,7,6,14,460,0.035
1297,0.64088154,189,109,5,7,6,14,470,0.035
1298,0.63872695,198,110,6,7,6,14,480,0.035
1299,0.63623154,199,110,6,7,6,14,490,0.035
1300,0.99153477,182,173,6,6,6,14,0,0.035
1301,0.97444314,180,171,6,6,6,14,10,0.035
1302,0.949668,174,162,6,6,6,14,20,0.035
1303,0.91929924,169,152,6,6,6,14,30,0.035
1304,0.8852998,171,147,6,6,6,14,40,0.035
1305,0.84973806,167,149,6,6,6,14,50,0.035
1306,0.81415004,173,149,6,6,6,14,60,0.035
1307,0.77966905,172,138,6,6,6,14,70,0.035
1308,0.7478137,171,137,6,6,6,14,80,0.035
1309,0.72119045,171,133,6,6,6,14,90,0.035
1310,0.6988299,170,131,6,6,6,14,100,0.035
1311,0.67975616,169,118,6,6,6,14,110,0.035
1312,0.66202605,173,115,6,7,6,14,120,0.035
1313,0.6487489,176,116,6,7,6,14,130,0.035
1314,0.6400133,172,114,6,7,6,14,140,0.035
1315,0.63500196,170,113,6,7,6,14,150,0.035
1316,0.63088614,173,108,6,7,6,14,160,0.035
1317,0.62710154,175,109,6,7,6,14,170,0.035
1318,0.62465584,181,108,6,7,6,14,180,0.035
1319,0.6245356,178,105,6,7,6,14,190,0.035
1320,0.6268092,176,103,6,7,6,14,200,0.035
1321,0.6306395,177,104,6,7,6,14,210,0.035
1322,0.6364843,183,103,6,7,6,14,220,0.035
1323,0.64239,187,104,6,7,6,14,230,0.035
1324,0.6467427,187,104,6,7,6,14,240,0.035
1325,0.6495927,189,104,6,7,6,14,250,0.035
1326,0.6515886,183,105,6,7,6,14,260,0.035
1327,0.6524872,178,104,6,7,6,14,270,0.035
1328,0.65205574,174,104,6,7,6,14,280,0.035
1329,0.6505318,175,105,6,7,6,14,290,0.035
1330,0.6482779,177,98,6,7,6,14,300,0.035
1331,0.64486974,178,99,6,7,6,14,310,0.035
1332,0.6403896,180,96,6,7,6,14,320,0.035
1333,0.6346533,178,97,6,7,6,14,330,0.035
1334,0.6292812,177,96,6,7,6,14,340,0.035
1335,0.62479806,184,95,6,7,6,14,350,0.035
1336,0.62049425,181,95,6,6,6,14,360,0.035
1337,0.6165067,173,92,6,6,6,14,370,0.035
1338,0.61494327,172,94,6,6,6,14,380,0.035
1339,0.6144861,170,89,6,6,6,14,390,0.035
1340,0.61528426,174,90,6,6,6,14,400,0.035
1341,0.61622375,180,91,6,6,6,14,410,0.035
1342,0.6186631,181,91,6,6,6,14,420,0.035
1343,0.6229271,186,91,6,6,6,14,430,0.035
1344,0.6264424,179,91,6,6,6,14,440,0.035
1345,0.62890047,169,92,6,6,6,14,450,0.035
1346,0.6304814,179,93,6,6,6,14,460,0.035
1347,0.63106996,188,90,6,6,6,14,470,0.035
1348,0.6307771,185,91,6,6,6,14,480,0.035
1349,0.6302693,182,91,6,6,6,14,490,0.035
1350,0.9919785,150,148,6,6,6,14,0,0.035
1351,0.9763623,153,152,6,7,6,14,10,0.035
1352,0.9534822,160,151,6,7,6,14,20,0.035
1353,0.92503303,162,149,6,7,6,14,30,0.035
1354,0.8943007,165,140,6,7,6,14,40,0.035
1355,0.86349934,161,135,6,7,6,14,50,0.035
1356,0.8337542,159,122,6,7,6,14,60,0.035
1357,0.8035012,156,120,6,7,6,14,70,0.035
1358,0.7734795,164,118,6,7,6,14,80,0.035
1359,0.7449046,163,114,6,7,6,14,90,0.035
1360,0.71839404,171,111,6,7,6,14,100,0.035
1361,0.69494104,178,105,6,7,6,14,110,0.035
1362,0.6748961,176,102,6,7,6,14,120,0.035
1363,0.6597607,182,99,6,7,6,14,130,0.035
1364,0.6482707,180,100,6,7,6,14,140,0.035
1365,0.638763,177,95,6,7,6,14,150,0.035
1366,0.6315404,176,91,6,7,6,14,160,0.035
1367,0.62688446,172,91,6,7,6,14,170,0.035
1368,0.62413377,171,89,6,7,6,14,180,0.035
1369,0.62421966,176,91,6,7,6,14,190,0.035
1370,0.6253869,178,91,6,7,6,14,200,0.035
1371,0.62616426,176,87,6,7,6,14,210,0.035
1372,0.62581956,170,87,6,7,6,14,220,0.035
1373,0.62489676,166,86,6,7,6,14,230,0.035
1374,0.624858,164,85,6,7,6,14,240,0.035
1375,0.6259596,164,84,6,7,6,14,250,0.035
1376,0.62906814,172,83,6,7,6,14,260,0.035
1377,0.63380736,171,85,6,7,6,14,270,0.035
1378,0.63809913,174,83,6,7,6,14,280,0.035
1379,0.6413205,163,85,6,7,6,14,290,0.035
1380,0.6440904,167,83,6,7,6,14,300,0.035
1381,0.6464242,166,80,6,7,6,14,310,0.035
1382,0.6475697,167,79,6,7,6,14,320,0.035
1383,0.6477462,174,77,6,7,6,14,330,0.035
1384,0.6473321,166,77,6,7,6,14,340,0.035
1385,0.6472215,166,76,6,7,6,14,350,0.035
1386,0.64613175,169,77,6,7,6,14,360,0.035
1387,0.64591974,168,77,6,7,6,14,370,0.035
1388,0.6470561,171,75,6,7,6,14,380,0.035
1389,0.64827585,168,75,6,7,6,14,390,0.035
1390,0.64918065,168,76,6,7,6,14,400,0.035
1391,0.6486253,168,76,6,6,6,14,410,0.035
1392,0.64706594,166,76,6,6,6,14,420,0.035
1393,0.6455209,166,76,6,6,6,14,430,0.035
1394,0.64454764,160,77,6,6,6,14,440,0.035
1395,0.6436796,162,77,6,6,6,14,450,0.035
1396,0.64192677,155,77,6,6,6,14,460,0.035
1397,0.64019454,158,77,6,6,6,14,470,0.035
1398,0.6378126,161,77,6,6,6,14,480,0.035
1399,0.63728154,172,77,6,6,6,14,490,0.035
1400,0.99204445,166,155,6,6,6,14,0,0.035
1401,0.9766635,169,152,6,6,6,14,10,0.035
1402,0.9539494,168,148,6,6,6,14,20,0.035
1403,0.92506194,163,144,6,6,6,14,30,0.035
1404,0.89191043,168,144,6,6,6,14,40,0.035
1405,0.8553649,174,137,6,6,6,14,50,0.035
1406,0.817529,183,135,6,6,6,14,60,0.035
1407,0.7814041,180,137,6,6,6,14,70,0.035
1408,0.74977463,177,132,6,6,6,14,80,0.035
1409,0.72313523,181,131,6,6,6,14,90,0.035
1410,0.70199287,177,130,6,6,6,14,100,0.035
1411,0.6855111,183,123,6,6,6,14,110,0.035
1412,0.67338073,181,126,6,6,6,14,120,0.035
1413,0.6637166,176,122,6,6,6,14,130,0.035
1414,0.65514153,175,120,6,6,6,14,140,0.035
1415,0.64934695,175,116,6,6,6,14,150,0.035
1416,0.64466393,173,114,6,6,6,14,160,0.035
1417,0.640129,182,113,6,6,6,14,170,0.035
1418,0.6363238,171,110,6,6,6,14,180,0.035
1419,0.6326503,183,107,6,6,6,14,190,0.035
1420,0.6278668,181,106,6,6,6,14,200,0.035
1421,0.6235,178,108,6,6,6,14,210,0.035
1422,0.62076545,181,110,6,6,6,14,220,0.035
1423,0.62046766,178,109,6,6,6,14,230,0.035
1424,0.622754,180,108,6,6,6,14,240,0.035
1425,0.626273,183,106,6,6,6,14,250,0.035
1426,0.629887,191,107,6,6,6,14,260,0.035
1427,0.6315611,187,106,6,6,6,14,270,0.035
1428,0.63238,182,106,6,6,6,14,280,0.035
1429,0.63220495,186,97,6,6,6,14,290,0.035
1430,0.6321186,184,97,6,6,6,14,300,0.035
1431,0.6323263,186,97,6,6,6,14,310,0.035
1432,0.6325646,184,98,6,6,6,14,320,0.035
1433,0.63323146,185,99,6,6,6,14,330,0.035
1434,0.6349891,179,100,6,6,6,14,340,0.035
1435,0.6378989,191,98,6,6,6,14,350,0.035
1436,0.6416711,196,96,6,6,6,14,360,0.035
1437,0.64523494,194,96,6,6,6,14,370,0.035
1438,0.64741796,190,96,6,6,6,14,380,0.035
1439,0.6481541,193,99,6,6,6,14,390,0.035
1440,0.64787954,185,101,6,6,6,14,400,0.035
1441,0.64486843,171,102,6,6,6,14,410,0.035
1442,0.63917404,172,101,6,6,6,14,420,0.035
1443,0.63205236,177,102,6,6,6,14,430,0.035
1444,0.626822,177,102,6,6,6,14,440,0.035
1445,0.6247912,176,103,6,6,6,14,450,0.035
1446,0.624582,180,100,6,6,6,14,460,0.035
1447,0.62410027,185,102,6,6,6,14,470,0.035
1448,0.6228933,185,102,6,6,6,14,480,0.035
1449,0.6219577,188,102,6,6,6,14,490,0.035
1450,0.9917705,174,180,6,6,6,14,0,0.035
1451,0.9755157,179,176,6,6,6,14,10,0.035
1452,0.9512271,184,171,6,6,6,14,20,0.035
1453,0.92047673,186,168,6,6,6,14,30,0.035
1454,0.8850555,180,156,6,6,6,14,40,0.035
1455,0.84950393,179,153,6,6,6,14,50,0.035
1456,0.81596565,175,141,6,6,6,14,60,0.035
1457,0.7852177,187,133,6,7,6,14,70,0.035
1458,0.7578258,188,130,6,7,6,14,80,0.035
1459,0.7335787,183,128,6,7,6,14,90,0.035
1460,0.71196854,185,122,6,7,6,14,100,0.035
1461,0.69332224,178,118,6,7,6,14,110,0.035
1462,0.67695045,172,120,6,7,6,14,120,0.035
1463,0.66111857,180,118,6,7,6,14,130,0.035
1464,0.64528567,181,115,6,7,6,14,140,0.035
1465,0.63146436,183,112,6,7,6,14,150,0.035
1466,0.62033767,184,112,6,7,6,14,160,0.035
1467,0.6131579,192,113,6,7,6,14,170,0.035
1468,0.61040384,189,109,6,7,6,14,180,0.035
1469,0.61079854,186,109,6,7,6,14,190,0.035
1470,0.6139585,169,108,6,7,6,14,200,0.035
1471,0.6197206,182,106,6,7,6,14,210,0.035
1472,0.6257946,176,104,6,7,6,14,220,0.035
1473,0.6311232,176,107,6,7,6,14,230,0.035
1474,0.63704973,176,105,6,7,6,14,240,0.035
1475,0.64473593,167,108,6,7,6,14,250,0.035
1476,0.65209,152,102,6,7,6,14,260,0.035
1477,0.6577232,163,102,6,7,6,14,270,0.035
1478,0.66134495,153,99,6,7,6,14,280,0.035
1479,0.6639112,150,96,6,7,6,14,290,0.035
1480,0.66548365,153,98,6,7,6,14,300,0.035
1481,0.6661668,160,100,6,7,6,14,310,0.035
1482,0.66638494,162,98,6,7,6,14,320,0.035
1483,0.66580164,165,98,6,7,6,14,330,0.035
1484,0.6645258,161,98,6,7,6,14,340,0.035
1485,0.66416943,159,98,6,7,6,14,350,0.035
1486,0.6643784,156,99,6,7,6,14,360,0.035
1487,0.66377485,164,97,6,7,6,14,370,0.035
1488,0.6616515,163,96,6,7,6,14,380,0.035
1489,0.6591538,171,99,6,7,6,14,390,0.035
1490,0.65650856,178,97,6,7,6,14,400,0.035
1491,0.654617,176,98,6,7,6,14,410,0.035
1492,0.65266263,182,95,6,7,6,14,420,0.035
1493,0.64860773,180,96,6,7,6,14,430,0.035
1494,0.6440493,177,96,6,7,6,14,440,0.035
1495,0.63952297,176,93,6,7,6,14,450,0.035
1496,0.63582724,172,92,6,7,6,14,460,0.035
1497,0.6333698,171,92,6,7,6,14,470,0.035
1498,0.6323245,176,94,6,7,6,14,480,0.035
1499,0.63232917,178,92,6,7,6,14,490,0.035
1500,0.98747337,209,197,6,6,5,10,0,0.04
1501,0.96378714,205,188,6,6,5,10,10,0.04
1502,0.93250644,205,176,6,6,5,10,20,0.04
1503,0.8974967,187,166,6,6,5,10,30,0.04
1504,0.85943943,190,158,6,7,5,10,40,0.04
1505,0.8193666,193,151,6,7,5,10,50,0.04
1506,0.7798927,184,148,6,7,5,10,60,0.04
1507,0.74466044,185,148,6,7,5,10,70,0.04
1508,0.7158061,196,144,6,7,5,10,80,0.04
1509,0.69364464,192,141,6,7,5,10,90,0.04
1510,0.67918664,191,128,6,7,5,10,100,0.04
1511,0.6693508,196,122,6,7,5,10,110,0.04
1512,0.6622325,183,118,5,7,5,10,120,0.04
1513,0.6589694,193,116,5,7,5,10,130,0.04
1514,0.6581092,184,111,5,7,5,10,140,0.04
1515,0.65781265,182,110,5,7,5,10,150,0.04
1516,0.65491194,185,109,6,7,5,10,160,0.04
1517,0.64902854,195,107,6,7,5,10,170,0.04
1518,0.64218414,180,104,6,7,5,10,180,0.04
1519,0.63644284,188,100,6,7,5,10,190,0.04
1520,0.6345346,181,99,6,7,5,10,200,0.04
1521,0.6353265,179,97,6,7,5,10,210,0.04
1522,0.6377441,187,97,6,7,5,10,220,0.04
1523,0.63890284,179,98,6,7,5,10,230,0.04
1524,0.63876617,182,97,6,7,5,10,240,0.04
1525,0.63659155,195,99,6,7,5,10,250,0.04
1526,0.6330836,198,98,5,7,5,10,260,0.04
1527,0.62928206,205,99,5,7,5,10,270,0.04
1528,0.62656,200,100,5,7,5,10,280,0.04
1529,0.6234877,209,98,5,7,5,10,290,0.04
1530,0.6207392,219,96,5,7,5,10,300,0.04
1531,0.62091,220,95,5,7,5,10,310,0.04
1532,0.6249904,206,95,5,7,5,10,320,0.04
1533,0.6291905,204,94,5,7,5,10,330,0.04
1534,0.6332501,200,93,5,7,5,10,340,0.04
1535,0.638289,212,93,5,7,5,10,350,0.04
1536,0.6420441,217,91,5,7,5,10,360,0.04
1537,0.64342684,213,89,5,7,5,10,370,0.04
1538,0.6429979,209,89,6,7,5,10,380,0.04
1539,0.6413784,196,87,6,7,5,10,390,0.04
1540,0.6382364,197,87,6,7,5,10,400,0.04
1541,0.6350012,184,87,6,7,5,10,410,0.04
1542,0.633891,187,87,6,7,5,10,420,0.04
1543,0.6346292,185,88,6,7,5,10,430,0.04
1544,0.63603103,190,90,6,7,5,10,440,0.04
1545,0.6370187,187,90,6,7,5,10,450,0.04
1546,0.6389473,177,88,6,7,5,10,460,0.04
1547,0.6406597,177,88,6,7,5,10,470,0.04
1548,0.639748,174,90,6,7,5,10,480,0.04
1549,0.6375413,194,88,6,7,5,10,490,0.04
1550,0.9871262,193,181,5,6,5,12,0,0.04
1551,0.96227795,192,182,5,6,5,12,10,0.04
1552,0.92768484,189,178,5,6,5,12,20,0.04
1553,0.888763,189,172,5,6,5,12,30,0.04
1554,0.8475994,195,164,5,6,5,12,40,0.04
1555,0.80479974,194,157,6,6,5,12,50,0.04
1556,0.7633064,199,145,6,6,5,12,60,0.04
1557,0.7262283,195,141,6,6,5,12,70,0.04
1558,0.6938781,189,137,6,6,5,12,80,0.04
1559,0.6697983,183,134,5,6,5,12,90,0.04
1560,0.65498096,192,121,5,6,5,12,100,0.04
1561,0.646525,181,121,5,6,5,12,110,0.04
1562,0.6398944,194,121,6,6,5,12,120,0.04
1563,0.63479775,188,117,6,6,5,12,130,0.04
1564,0.6311905,185,119,6,6,5,12,140,0.04
1565,0.62723535,192,118,6,6,5,12,150,0.04
1566,0.62476206,192,118,6,6,5,12,160,0.04
1567,0.6249428,190,115,6,6,5,12,170,0.04
1568,0.6270524,198,117,6,6,5,12,180,0.04
1569,0.63158584,190,114,6,6,5,12,190,0.04
1570,0.6376968,196,115,6,6,5,12,200,0.04
1571,0.642558,178,112,6,6,5,12,210,0.04
1572,0.64384,191,112,6,6,5,12,220,0.04
1573,0.6425764,200,109,6,6,5,12,230,0.04
1574,0.6427949,207,110,6,6,5,12,240,0.04
1575,0.6429968,205,106,6,6,5,12,250,0.04
1576,0.6447996,198,106,6,6,5,12,260,0.04
1577,0.64644104,191,108,6,6,5,12,270,0.04
1578,0.64515,194,108,6,6,5,12,280,0.04
1579,0.64061856,194,105,5,6,5,12,290,0.04
1580,0.6345204,198,105,5,6,5,12,300,0.04
1581,0.62926114,195,102,5,6,5,12,310,0.04
1582,0.6273141,203,102,5,6,5,12,320,0.04
1583,0.6271121,221,101,5,6,5,12,330,0.04
1584,0.6273987,210,100,5,6,5,12,340,0.04
1585,0.6267858,208,101,5,6,5,12,350,0.04
1586,0.6254095,203,99,5,6,5,12,360,0.04
1587,0.62454104,194,98,5,6,5,12,370,0.04
1588,0.62309325,187,96,5,6,5,12,380,0.04
1589,0.62151,195,95,5,6,5,12,390,0.04
1590,0.62033874,197,97,5,6,5,12,400,0.04
1591,0.62064594,201,97,5,6,5,12,410,0.04
1592,0.6234313,193,96,6,6,5,12,420,0.04
1593,0.628046,196,97,6,6,5,12,430,0.04
1594,0.6312688,195,94,6,6,5,12,440,0.04
1595,0.6332133,192,97,6,6,5,12,450,0.04
1596,0.6328381,198,90,6,6,5,12,460,0.04
1597,0.62950826,184,91,5,6,5,12,470,0.04
1598,0.62396175,192,89,5,6,5,12,480,0.04
1599,0.6193344,203,89,6,6,5,12,490,0.04
1600,0.9876798,174,185,5,6,5,12,0,0.04
1601,0.96394473,194,178,6,6,5,12,10,0.04
1602,0.93047637,169,166,6,6,5,12,20,0.04
1603,0.8911023,175,153,6,6,5,12,30,0.04
1604,0.8508636,182,152,6,6,5,12,40,0.04
1605,0.81204414,186,146,6,6,5,12,50,0.04
1606,0.77506834,178,140,6,6,5,12,60,0.04
1607,0.7404453,185,130,6,6,5,12,70,0.04
1608,0.70886123,173,130,6,6,5,12,80,0.04
1609,0.6796421,183,124,6,6,5,12,90,0.04
1610,0.65645516,179,120,5,6,5,12,100,0.04
1611,0.64039373,188,116,5,6,5,12,110,0.04
1612,0.63104796,198,108,5,6,5,12,120,0.04
1613,0.62809604,203,106,5,6,5,12,130,0.04
1614,0.63030046,196,103,5,6,5,12,140,0.04
1615,0.63390857,204,102,5,6,5,12,150,0.04
1616,0.63566834,204,94,5,6,5,12,160,0.04
1617,0.63583195,210,91,5,6,5,12,170,0.04
1618,0.636401,211,87,5,6,5,12,180,0.04
1619,0.6374983,209,86,5,6,5,12,190,0.04
1620,0.6395894,200,86,5,6,5,12,200,0.04
1621,0.6424313,182,87,5,6,5,12,210,0.04
1622,0.64509773,206,85,5,6,5,12,220,0.04
1623,0.64749455,204,84,5,6,5,12,230,0.04
1624,0.6501307,202,83,6,6,5,12,240,0.04
1625,0.6512879,196,84,6,6,5,12,250,0.04
1626,0.65163255,184,84,6,6,5,12,260,0.04
1627,0.65124846,183,84,6,6,5,12,270,0.04
1628,0.6514515,185,82,6,6,5,12,280,0.04
1629,0.65188545,196,82,6,6,5,12,290,0.04
1630,0.6524958,194,80,6,6,5,12,300,0.04
1631,0.6536252,195,81,6,6,5,12,310,0.04
1632,0.6563005,192,79,5,6,5,12,320,0.04
1633,0.6593518,198,79,6,6,5,12,330,0.04
1634,0.6616826,200,80,6,6,5,12,340,0.04
1635,0.6613429,196,80,6,6,5,12,350,0.04
1636,0.65789765,188,79,6,6,5,12,360,0.04
1637,0.65264314,187,79,6,6,5,12,370,0.04
1638,0.64746094,193,80,6,6,5,12,380,0.04
1639,0.6447042,191,81,6,6,5,12,390,0.04
1640,0.6428243,198,84,6,6,5,12,400,0.04
1641,0.64211494,194,85,6,6,5,12,410,0.04
1642,0.6424863,188,86,6,6,5,12,420,0.04
1643,0.6435418,184,88,6,6,5,12,430,0.04
1644,0.6452077,176,88,6,6,5,12,440,0.04
1645,0.6453423,175,92,6,6,5,12,450,0.04
1646,0.644329,178,92,6,6,5,12,460,0.04
1647,0.64415455,177,92,6,6,5,12,470,0.04
1648,0.64366376,185,91,6,6,5,12,480,0.04
1649,0.64247054,173,94,6,6,5,12,490,0.04
1650,0.9869289,206,199,5,6,5,11,0,0.04
1651,0.96068484,207,192,5,6,5,11,10,0.04
1652,0.92649305,216,191,5,6,5,11,20,0.04
1653,0.88710666,208,187,5,6,5,11,30,0.04
1654,0.8454247,202,178,5,6,5,11,40,0.04
1655,0.802713,204,172,5,6,5,11,50,0.04
1656,0.7622229,200,162,5,6,5,11,60,0.04
1657,0.72563255,207,159,5,6,5,11,70,0.04
1658,0.6944596,216,156,5,6,5,11,80,0.04
1659,0.6701592,197,143,5,6,5,11,90,0.04
1660,0.6515594,204,136,6,6,5,11,100,0.04
1661,0.63853836,207,137,6,6,5,11,110,0.04
1662,0.6296473,191,136,6,6,5,11,120,0.04
1663,0.62443334,202,134,6,6,5,11,130,0.04
1664,0.6214801,195,132,6,6,5,11,140,0.04
1665,0.61895126,198,132,6,6,5,11,150,0.04
1666,0.61786497,205,132,6,6,5,11,160,0.04
1667,0.6198392,203,128,6,6,5,11,170,0.04
1668,0.6240126,211,128,6,6,5,11,180,0.04
1669,0.6272163,208,127,5,6,5,11,190,0.04
1670,0.62988234,209,123,5,6,5,11,200,0.04
1671,0.63289213,204,123,5,6,5,11,210,0.04
1672,0.6339743,208,121,5,6,5,11,220,0.04
1673,0.63267857,200,122,5,6,5,11,230,0.04
1674,0.63054514,201,117,5,6,5,11,240,0.04
1675,0.6285333,197,117,5,6,5,11,250,0.04
1676,0.6293535,198,116,5,6,5,11,260,0.04
1677,0.6310807,184,114,5,6,5,11,270,0.04
1678,0.6341233,184,110,5,6,5,11,280,0.04
1679,0.6361099,198,111,5,6,5,11,290,0.04
1680,0.6376428,184,107,5,6,5,11,300,0.04
1681,0.63884753,188,107,5,6,5,11,310,0.04
1682,0.6394366,198,109,6,6,5,11,320,0.04
1683,0.64084035,201,106,6,6,5,11,330,0.04
1684,0.64290774,202,106,6,6,5,11,340,0.04
1685,0.6466659,198,104,6,6,5,11,350,0.04
1686,0.6515215,196,104,6,6,5,11,360,0.04
1687,0.6570433,189,105,6,6,5,11,370,0.04
1688,0.660783,197,105,6,6,5,11,380,0.04
1689,0.66385597,196,104,6,6,5,11,390,0.04
1690,0.665619,191,104,6,6,5,11,400,0.04
1691,0.6669187,197,103,6,6,5,11,410,0.04
1692,0.66830933,194,102,6,6,5,11,420,0.04
1693,0.6680648,198,102,6,6,5,11,430,0.04
1694,0.6657444,194,105,6,6,5,11,440,0.04
1695,0.6619671,198,106,6,6,5,11,450,0.04
1696,0.6558775,201,106,6,6,5,11,460,0.04
1697,0.64850867,201,107,6,6,5,11,470,0.04
1698,0.64360243,200,109,6,6,5,11,480,0.04
1699,0.64104426,199,108,6,6,5,11,490,0.04
1700,0.9857949,205,206,5,5,5,12,0,0.04
1701,0.9602658,208,194,5,6,5,12,10,0.04
1702,0.9273579,185,181,5,6,5,12,20,0.04
1703,0.88859355,179,175,5,6,5,12,30,0.04
1704,0.8471553,186,169,5,6,5,12,40,0.04
1705,0.80689,190,159,6,6,5,12,50,0.04
1706,0.7714989,199,153,6,6,5,12,60,0.04
1707,0.74233997,190,152,6,6,5,12,70,0.04
1708,0.7197807,186,144,6,6,5,12,80,0.04
1709,0.7003975,177,140,6,6,5,12,90,0.04
1710,0.68493766,190,134,6,6,5,12,100,0.04
1711,0.67318946,188,131,6,6,5,12,110,0.04
1712,0.66421276,193,126,6,6,5,12,120,0.04
1713,0.658386,204,122,6,6,5,12,130,0.04
1714,0.6528891,197,120,6,6,5,12,140,0.04
1715,0.648695,195,117,6,6,5,12,150,0.04
1716,0.6470865,203,114,6,6,5,12,160,0.04
1717,0.6466817,196,115,6,6,5,12,170,0.04
1718,0.6470812,193,114,6,6,5,12,180,0.04
1719,0.64900094,195,115,6,6,5,12,190,0.04
1720,0.65184724,191,111,6,6,5,12,200,0.04
1721,0.65247196,177,112,6,6,5,12,210,0.04
1722,0.6510119,176,111,6,6,5,12,220,0.04
1723,0.64875805,173,108,6,7,5,12,230,0.04
1724,0.6447639,181,107,6,7,5,12,240,0.04
1725,0.6403195,176,107,6,6,5,12,250,0.04
1726,0.63678956,172,110,6,6,5,12,260,0.04
1727,0.63545054,184,109,5,6,5,12,270,0.04
1728,0.6381708,189,108,5,6,5,12,280,0.04
1729,0.6429291,182,105,5,6,5,12,290,0.04
1730,0.64731026,187,108,5,6,5,12,300,0.04
1731,0.648996,197,109,5,6,5,12,310,0.04
1732,0.64879453,189,107,5,6,5,12,320,0.04
1733,0.64811486,193,107,5,6,5,12,330,0.04
1734,0.6469671,198,107,5,6,5,12,340,0.04
1735,0.6450201,206,107,6,6,5,12,350,0.04
1736,0.6420331,197,107,6,6,5,12,360,0.04
1737,0.6393785,194,104,6,6,5,12,370,0.04
1738,0.6373375,210,103,6,6,5,12,380,0.04
1739,0.63585037,210,102,6,6,5,12,390,0.04
1740,0.6345367,180,98,6,6,5,12,400,0.04
1741,0.63281393,175,96,6,6,5,12,410,0.04
1742,0.63194656,144,96,6,6,5,12,420,0.04
1743,0.63103783,175,99,5,6,5,12,430,0.04
1744,0.632554,197,98,5,6,5,12,440,0.04
1745,0.6361676,193,94,5,6,5,12,450,0.04
1746,0.6404937,196,98,5,6,5,12,460,0.04
1747,0.6446417,190,96,5,6,5,12,470,0.04
1748,0.6473421,193,95,5,6,5,12,480,0.04
1749,0.6473529,193,95,5,6,5,12,490,0.04
1750,0.9739689,228,208,5,5,3,11,0,0.05
1751,0.92421573,218,211,5,6,3,11,10,0.05
1752,0.8632572,235,201,5,6,3,11,20,0.05
1753,0.8008922,241,193,5,6,3,11,30,0.05
1754,0.7423775,250,185,5,6,3,11,40,0.05
1755,0.6965908,250,178,5,6,3,11,50,0.05
1756,0.66525644,252,168,5,6,3,11,60,0.05
1757,0.647682,238,159,5,6,3,11,70,0.05
1758,0.639372,247,156,5,6,3,11,80,0.05
1759,0.6376938,239,153,5,6,3,11,90,0.05
1760,0.6385295,239,141,5,6,3,11,100,0.05
1761,0.64228624,236,138,5,6,3,11,110,0.05
1762,0.64928204,235,135,5,6,3,11,120,0.05
1763,0.65147287,227,138,5,7,3,11,130,0.05
1764,0.6492981,242,130,5,7,3,11,140,0.05
1765,0.64710397,243,123,5,7,3,11,150,0.05
1766,0.64308304,233,125,5,7,3,11,160,0.05
1767,0.6400957,237,125,5,7,3,11,170,0.05
1768,0.64175206,247,122,5,7,3,11,180,0.05
1769,0.64597523,235,122,5,7,3,11,190,0.05
1770,0.649801,246,122,5,7,3,11,200,0.05
1771,0.649622,257,117,5,7,3,11,210,0.05
1772,0.64747125,247,115,5,7,3,11,220,0.05
1773,0.64881736,256,111,5,7,3,11,230,0.05
1774,0.65207005,240,110,5,7,3,11,240,0.05
1775,0.650717,255,112,5,7,3,11,250,0.05
1776,0.6442555,261,107,5,7,3,11,260,0.05
1777,0.6395443,235,107,5,7,3,11,270,0.05
1778,0.6418336,234,108,5,7,3,11,280,0.05
1779,0.6463129,240,106,5,7,3,11,290,0.05
1780,0.6475165,237,106,5,7,3,11,300,0.05
1781,0.64404666,209,104,5,7,3,11,310,0.05
1782,0.63949865,219,104,5,7,3,11,320,0.05
1783,0.63804615,246,102,5,7,3,11,330,0.05
1784,0.6376169,247,103,5,7,3,11,340,0.05
1785,0.63719404,231,103,5,7,3,11,350,0.05
1786,0.63562626,234,103,5,7,3,11,360,0.05
1787,0.6344198,246,103,5,7,3,11,370,0.05
1788,0.63593763,244,101,5,7,3,11,380,0.05
1789,0.6360686,219,101,5,7,3,11,390,0.05
1790,0.63575476,229,101,5,7,3,11,400,0.05
1791,0.63553244,232,101,5,7,3,11,410,0.05
1792,0.6366184,235,97,5,7,3,11,420,0.05
1793,0.64146614,244,97,5,7,3,11,430,0.05
1794,0.6459158,246,97,5,7,3,11,440,0.05
1795,0.64589334,248,97,5,7,3,11,450,0.05
1796,0.6438094,256,97,5,7,3,11,460,0.05
1797,0.63980705,249,96,5,7,3,11,470,0.05
1798,0.6345602,261,94,5,7,3,11,480,0.05
1799,0.6302682,254,95,5,7,3,11,490,0.05
1800,0.9736168,235,238,5,5,4,11,0,0.05
1801,0.926436,234,214,5,6,4,11,10,0.05
1802,0.87255526,224,205,5,6,4,11,20,0.05
1803,0.8168736,231,198,5,6,4,11,30,0.05
1804,0.76400906,238,190,5,6,4,11,40,0.05
1805,0.7221916,238,175,5,6,4,11,50,0.05
1806,0.6944133,239,178,5,6,4,11,60,0.05
1807,0.675981,222,175,5,6,4,11,70,0.05
1808,0.6627202,237,167,5,6,4,11,80,0.05
1809,0.6545859,250,170,5,6,4,11,90,0.05
1810,0.6510268,246,168,5,6,4,11,100,0.05
1811,0.64766043,239,160,5,6,4,11,110,0.05
1812,0.64588,249,158,5,6,4,11,120,0.05
1813,0.64327693,260,162,5,6,4,11,130,0.05
1814,0.6406351,248,161,5,6,4,11,140,0.05
1815,0.63881946,252,149,5,6,4,11,150,0.05
1816,0.639737,252,141,5,6,4,11,160,0.05
1817,0.64231294,251,135,5,6,4,11,170,0.05
1818,0.6460665,253,131,5,6,4,11,180,0.05
1819,0.6490358,255,127,5,6,4,11,190,0.05
1820,0.6487255,248,127,5,6,4,11,200,0.05
1821,0.6468083,257,127,5,6,4,11,210,0.05
1822,0.64626634,247,121,5,6,4,11,220,0.05
1823,0.6473994,242,120,5,6,4,11,230,0.05
1824,0.65081495,249,117,5,6,4,11,240,0.05
1825,0.65421486,260,117,5,6,4,11,250,0.05
1826,0.65434915,243,117,5,6,4,11,260,0.05
1827,0.6498502,258,113,5,6,4,11,270,0.05
1828,0.6419596,250,110,5,6,4,11,280,0.05
1829,0.6360338,232,112,5,6,4,11,290,0.05
1830,0.63459516,244,110,5,6,4,11,300,0.05
1831,0.6359395,258,112,5,6,4,11,310,0.05
1832,0.6381756,237,111,5,6,4,11,320,0.05
1833,0.64216083,233,112,5,6,4,11,330,0.05
1834,0.6432015,222,113,5,6,4,11,340,0.05
1835,0.6437366,244,117,5,6,4,11,350,0.05
1836,0.6446998,246,115,5,6,4,11,360,0.05
1837,0.64555633,254,115,5,6,4,11,370,0.05
1838,0.647267,246,114,5,6,4,11,380,0.05
1839,0.6489212,250,115,5,6,4,11,390,0.05
1840,0.6498569,249,117,5,6,4,11,400,0.05
1841,0.6487028,244,116,5,6,4,11,410,0.05
1842,0.64707434,247,116,5,6,4,11,420,0.05
1843,0.64539814,239,116,5,6,4,11,430,0.05
1844,0.64293194,252,113,5,6,4,11,440,0.05
1845,0.63930535,248,111,5,6,4,11,450,0.05
1846,0.63466036,257,111,5,6,4,11,460,0.05
1847,0.63083196,257,108,5,6,4,11,470,0.05
1848,0.6281875,257,113,5,6,4,11,480,0.05
1849,0.62926483,248,113,5,6,4,11,490,0.05
1850,0.9754871,237,228,5,5,4,11,0,0.05
1851,0.9304074,251,220,5,5,4,11,10,0.05
1852,0.8737658,243,212,5,5,4,11,20,0.05
1853,0.8122887,237,205,5,5,4,11,30,0.05
1854,0.75646895,234,200,5,5,4,11,40,0.05
1855,0.7134231,235,187,5,6,4,11,50,0.05
1856,0.6827988,234,182,5,6,4,11,60,0.05
1857,0.6626073,254,173,5,6,4,11,70,0.05
1858,0.65256584,243,169,5,6,4,11,80,0.05
1859,0.6484807,227,164,5,6,4,11,90,0.05
1860,0.6451503,250,158,5,6,4,11,100,0.05
1861,0.6428157,265,157,5,6,4,11,110,0.05
1862,0.6400044,252,148,5,6,4,11,120,0.05
1863,0.63751894,241,145,5,6,4,11,130,0.05
1864,0.63702327,246,145,5,6,4,11,140,0.05
1865,0.6366425,233,143,5,6,4,11,150,0.05
1866,0.6356196,235,139,5,6,4,11,160,0.05
1867,0.6368527,241,140,5,6,4,11,170,0.05
1868,0.63835275,252,142,5,6,4,11,180,0.05
1869,0.6388708,248,147,5,6,4,11,190,0.05
1870,0.63790596,222,143,5,6,4,11,200,0.05
1871,0.63521004,222,139,5,6,4,11,210,0.05
1872,0.6340653,240,138,5,6,4,11,220,0.05
1873,0.63257915,242,138,5,6,4,11,230,0.05
1874,0.62931794,240,136,5,6,4,11,240,0.05
1875,0.62631077,244,136,5,6,4,11,250,0.05
1876,0.6233037,255,129,5,6,4,11,260,0.05
1877,0.618976,253,127,5,6,4,11,270,0.05
1878,0.6160165,261,127,5,6,4,11,280,0.05
1879,0.6159332,255,118,5,6,4,11,290,0.05
1880,0.6165172,252,118,5,6,4,11,300,0.05
1881,0.62005883,252,116,5,6,4,11,310,0.05
1882,0.6260136,254,116,5,6,4,11,320,0.05
1883,0.63213164,239,117,5,6,4,11,330,0.05
1884,0.6370156,236,116,5,6,4,11,340,0.05
1885,0.6384173,243,116,5,6,4,11,350,0.05
1886,0.6366574,259,121,5,6,4,11,360,0.05
1887,0.63491017,247,122,5,6,4,11,370,0.05
1888,0.6352819,248,125,5,6,4,11,380,0.05
1889,0.63837934,203,122,5,6,4,11,390,0.05
1890,0.6409488,248,127,5,6,4,11,400,0.05
1891,0.6396345,246,125,5,6,4,11,410,0.05
1892,0.6348592,215,125,5,6,4,11,420,0.05
1893,0.6290854,224,127,5,6,4,11,430,0.05
1894,0.6259189,239,125,5,6,4,11,440,0.05
1895,0.62312585,247,124,5,6,4,11,450,0.05
1896,0.6218894,241,123,5,6,4,11,460,0.05
1897,0.6228965,245,126,5,6,4,11,470,0.05
1898,0.6263335,238,126,5,6,4,11,480,0.05
1899,0.6311953,240,123,5,6,4,11,490,0.05
1900,0.9743576,244,235,5,5,3,10,0,0.05
1901,0.926164,258,218,5,5,3,10,10,0.05
1902,0.8673726,237,200,5,6,3,10,20,0.05
1903,0.80638474,233,189,5,6,3,10,30,0.05
1904,0.7486729,222,186,5,6,3,10,40,0.05
1905,0.6998595,244,170,5,6,3,10,50,0.05
1906,0.6630006,246,166,5,6,3,10,60,0.05
1907,0.6399597,254,160,5,6,3,10,70,0.05
1908,0.6333623,246,150,5,6,3,10,80,0.05
1909,0.6334092,250,148,5,6,3,10,90,0.05
1910,0.632504,249,145,5,6,3,10,100,0.05
1911,0.6336428,244,142,5,6,3,10,110,0.05
1912,0.63849664,247,140,5,6,3,10,120,0.05
1913,0.6451688,239,135,5,6,3,10,130,0.05
1914,0.6509757,252,130,5,6,3,10,140,0.05
1915,0.6566372,248,127,5,6,3,10,150,0.05
1916,0.66168875,257,124,5,6,3,10,160,0.05
1917,0.6646417,257,124,5,6,3,10,170,0.05
1918,0.66357714,257,121,5,6,3,10,180,0.05
1919,0.6612504,248,118,5,6,3,10,190,0.05
1920,0.65753216,234,118,5,6,3,10,200,0.05
1921,0.65374005,229,114,5,6,3,10,210,0.05
1922,0.65126806,225,115,5,6,3,10,220,0.05
1923,0.65217876,207,114,5,6,3,10,230,0.05
1924,0.65234077,218,108,5,6,3,10,240,0.05
1925,0.64803904,236,107,5,6,3,10,250,0.05
1926,0.6414664,221,105,5,6,3,10,260,0.05
1927,0.63849294,224,106,5,6,3,10,270,0.05
1928,0.63867676,234,107,5,6,3,10,280,0.05
1929,0.6392931,226,106,5,6,3,10,290,0.05
1930,0.63786453,234,107,5,6,3,10,300,0.05
1931,0.635355,229,106,5,6,3,10,310,0.05
1932,0.63131756,238,101,5,6,3,10,320,0.05
1933,0.62739104,250,101,5,6,3,10,330,0.05
1934,0.62376744,224,101,5,6,3,10,340,0.05
1935,0.61988235,223,96,5,6,3,10,350,0.05
1936,0.62063986,181,93,5,6,3,10,360,0.05
1937,0.6254404,205,91,5,6,3,10,370,0.05
1938,0.63282424,216,90,5,6,3,10,380,0.05
1939,0.63898826,219,91,5,6,3,10,390,0.05
1940,0.645748,221,88,5,6,3,10,400,0.05
1941,0.6535332,232,89,5,6,3,10,410,0.05
1942,0.66028434,226,91,5,6,3,10,420,0.05
1943,0.6645231,228,92,5,6,3,10,430,0.05
1944,0.6639337,237,95,5,6,3,10,440,0.05
1945,0.6602292,232,95,5,6,3,10,450,0.05
1946,0.6557365,230,89,5,6,3,10,460,0.05
1947,0.6530505,232,88,5,6,3,10,470,0.05
1948,0.64988816,232,89,5,6,3,10,480,0.05
1949,0.6459221,218,89,5,6,3,10,490,0.05
1950,0.97531426,238,227,5,5,4,11,0,0.05
1951,0.93051463,250,207,5,6,4,11,10,0.05
1952,0.8743922,224,196,5,6,4,11,20,0.05
1953,0.81557757,223,184,5,6,4,11,30,0.05
1954,0.7608936,181,181,5,6,4,11,40,0.05
1955,0.71723145,205,178,5,6,4,11,50,0.05
1956,0.6901835,216,177,5,6,4,11,60,0.05
1957,0.6755712,219,160,5,6,4,11,70,0.05
1958,0.6674766,221,153,5,6,4,11,80,0.05
1959,0.6618905,232,150,5,6,4,11,90,0.05
1960,0.6564783,226,147,5,6,4,11,100,0.05
1961,0.6545337,228,135,5,6,4,11,110,0.05
1962,0.6535137,237,133,5,6,4,11,120,0.05
1963,0.64672726,232,135,5,6,4,11,130,0.05
1964,0.6392002,230,124,5,6,4,11,140,0.05
1965,0.6358744,232,125,5,6,4,11,150,0.05
1966,0.63629323,232,124,5,6,4,11,160,0.05
1967,0.6378204,218,117,5,6,4,11,170,0.05
1968,0.6415385,222,116,5,6,4,11,180,0.05
1969,0.64692146,214,114,5,6,4,11,190,0.05
1970,0.6501377,245,111,5,6,4,11,200,0.05
1971,0.64902586,236,111,5,6,4,11,210,0.05
1972,0.6446013,244,110,5,6,4,11,220,0.05
1973,0.6420562,231,111,5,6,4,11,230,0.05
1974,0.64064056,221,110,5,6,4,11,240,0.05
1975,0.6382558,220,111,5,6,4,11,250,0.05
1976,0.635783,218,106,5,6,4,11,260,0.05
1977,0.6362727,212,107,5,6,4,11,270,0.05
1978,0.6390363,205,107,5,6,4,11,280,0.05
1979,0.6416182,218,106,5,6,4,11,290,0.05
1980,0.6439509,214,109,5,6,4,11,300,0.05
1981,0.64441013,214,110,5,6,4,11,310,0.05
1982,0.64185905,201,110,5,6,4,11,320,0.05
1983,0.6396119,214,108,5,6,4,11,330,0.05
1984,0.63726306,205,109,5,6,4,11,340,0.05
1985,0.6353799,218,110,5,6,4,11,350,0.05
1986,0.635392,206,107,5,6,4,11,360,0.05
1987,0.6367812,208,103,5,6,4,11,370,0.05
1988,0.6367913,219,102,5,6,4,11,380,0.05
1989,0.6352602,238,103,5,6,4,11,390,0.05
1990,0.6328353,244,102,5,6,4,11,400,0.05
1991,0.6283292,230,102,5,6,4,11,410,0.05
1992,0.62247664,237,104,5,6,4,11,420,0.05
1993,0.61729777,213,104,5,6,4,11,430,0.05
1994,0.61568505,243,103,5,6,4,11,440,0.05
1995,0.6187996,243,104,5,6,4,11,450,0.05
1996,0.6250563,246,104,5,6,4,11,460,0.05
1997,0.6282296,249,103,5,6,4,11,470,0.05
1998,0.6296276,212,108,5,6,4,11,480,0.05
1999,0.63152635,230,108,5,6,4,11,490,0.05
